,Movie_Name,Release_Yr,Movie_Rating,Duration,IMDb_Rating,Popularity,Genre,Movie_Desc,Director,Writers,Movie_stars,Oscars_Won,Awards_Won,Nominations
0,The Shawshank Redemption,1994,R,2h 22m,9.3,722,Drama,"Over the course of several years, two convicts form a friendship, seeking consolation and, eventually, redemption through basic compassion.",Frank Darabont,"['Stephen King', 'Frank Darabont']","['Tim Robbins', 'Morgan Freeman', 'Bob Gunton']",7,0,0
1,The Godfather,1972,R,2h 55m,9.2,805,CrimeDrama,The aging patriarch of an organized crime dynasty transfers control of his clandestine empire to his reluctant son.,Francis Ford Coppola,"['Mario Puzo', 'Francis Ford Coppola']","['Marlon Brando', 'Al Pacino', 'James Caan', 'Diane Keaton', 'Robert Duvall', 'Sterling Hayden', 'John Marley', 'Richard Conte', 'Al Lettieri', 'Abe Vigoda', 'Talia Shire', 'Gianni Russo', 'John Cazale', 'Rudy Bond', 'Al Martino', 'Morgana King', 'Lenny Montana']",0,0,0
2,The Dark Knight,2008,PG-13,2h 32m,9.0,10810,"Action, Crime, Drama","When the menace known as the Joker wreaks havoc and chaos on the people of Gotham, Batman must accept one of the greatest psychological and physical tests of his ability to fight injustice.",Christopher Nolan,"['Jonathan Nolan', 'Christopher Nolan', 'David S. Goyer']","['Christian Bale', 'Heath Ledger', 'Aaron Eckhart', 'Michael Caine', 'Maggie Gyllenhaal', 'Gary Oldman', 'Morgan Freeman']",2,0,0
4,12 Angry Men,1957,Approved,1h 36m,9.0,33931,"Crime, Drama",The jury in a New York City murder trial is frustrated by a single member whose skeptical caution forces them to more carefully consider the evidence before jumping to a hasty verdict.,Sidney Lumet,['Reginald Rose'],"['Henry Fonda', 'Lee J. Cobb', 'Martin Balsam', 'John Fiedler', 'E.G. Marshall', 'Jack Klugman', 'Edward Binns', 'Jack Warden', 'Joseph Sweeney', 'Ed Begley', 'George Voskovec', 'Robert Webber', 'Rudy Bond', 'Tom Gorman', 'James Kelly', 'Billy Nelson', 'John Savoca', 'Walter Stocker']",3,0,0
5,Schindler's List,1993,R,3h 15m,9.0,1829,"Biography, Drama, History","In German-occupied Poland during World War II, industrialist Oskar Schindler gradually becomes concerned for his Jewish workforce after witnessing their persecution by the Nazis.",Steven Spielberg,"['Thomas Keneally', 'Steven Zaillian']","['Liam Neeson', 'Ralph Fiennes', 'Ben Kingsley', 'Caroline Goodall', 'Jonathan Sagall', 'Embeth Davidtz', 'Malgorzata Gebel', 'Shmuel Levy', 'Mark Ivanir', 'Béatrice Macola', 'Andrzej Seweryn', 'Friedrich von Thun', 'Krzysztof Luft', 'Harry Nehring', 'Leo John', 'Norbert Weisser', 'Adi Nitzan', 'Mila Pfefferberg', 'Michael Schneider', 'Miri Fabian']",7,0,0
6,The Lord of the Rings: The Return of the King,2003,PG-13,3h 21m,9.0,27647,"Action
Adventure
Drama",Gandalf and Aragorn lead the World of Men against Sauron's army to draw his gaze from Frodo and Sam as they approach Mount Doom with the One Ring.,Peter Jackson,"['J.R.R. Tolkien', 'Fran Walsh', 'Philippa Boyens']","['Elijah Wood', 'Viggo Mortensen', 'Ian McKellen']",11,0,0
7,Pulp Fiction,1994,R,2h 34m,8.9,1221,CrimeDrama,"The lives of two mob hitmen, a boxer, a gangster and his wife, and a pair of diner bandits intertwine in four tales of violence and redemption.",Quentin Tarantino,"['Quentin Tarantino', 'Roger Avary']","['John Travolta', 'Uma Thurman', 'Samuel L. Jackson']",1,0,0
8,The Lord of the Rings: The Fellowship of the Ring,2001,PG-13,2h 58m,8.9,13412,"['Action', 'Adventure', 'Drama']",A meek Hobbit from the Shire and eight companions set out on a journey to destroy the powerful One Ring and save Middle-earth from the Dark Lord Sauron.,Peter Jackson,"['J.R.R. Tolkien', 'Fran Walsh', 'Philippa Boyens']","['Elijah Wood', 'Ian McKellen', 'Orlando Bloom', 'Sean Bean', 'Alan Howard', 'Noel Appleby', 'Sean Astin', 'Sala Baker', 'Billy Boyd', 'Andy Serkis', 'Marton Csokas', 'Viggo Mortensen', 'Megan Edwards', 'Michael Elsworth', 'Cate Blanchett', 'Mark Ferguson', 'Ian Holm', 'Christopher Lee']",4,0,0
9,"The Good, the Bad and the Ugly",1966,R,2h 58m,8.8,4702,AdventureWestern,A bounty hunting scam joins two men in an uneasy alliance against a third in a race to find a fortune in gold buried in a remote cemetery.,Sergio Leone,"['Luciano Vincenzoni', 'Sergio Leone', 'Agenore Incrocci']","['Clint Eastwood', 'Eli Wallach', 'Lee Van Cleef']",2,0,5
10,Forrest Gump,1994,PG-13,2h 22m,8.8,21017,DramaRomance,"The history of the United States from the 1950s to the '70s unfolds from the perspective of an Alabama man with an IQ of 75, who yearns to be reunited with his childhood sweetheart.",Robert Zemeckis,"['Winston Groom', 'Eric Roth']","['Tom Hanks', 'Robin Wright', 'Gary Sinise']",6,0,0
11,The Lord of the Rings: The Two Towers,2002,PG-13,2h 59m,8.8,54087,"['Action', 'Adventure', 'Drama']","While Frodo and Sam edge closer to Mordor with the help of the shifty Gollum, the divided fellowship makes a stand against Sauron's new ally, Saruman, and his hordes of Isengard.",Peter Jackson,"['J.R.R. Tolkien', 'Fran Walsh', 'Philippa Boyens']","['Elijah Wood', 'Ian McKellen', 'Viggo Mortensen', 'Orlando Bloom', 'Bruce Allpress', 'Sean Astin', 'John Bach', 'Sala Baker', 'Cate Blanchett', 'Billy Boyd', 'Jed Brophy', 'Sam Comery', 'Brad Dourif', 'Calum Gittins', 'Bernard Hill', 'Bruce Hopkins', 'Paris Howe Strewe', 'Christopher Lee']",2,0,0
12,Fight Club,1999,R,2h 19m,8.8,16013,Drama,An insomniac office worker and a devil-may-care soap maker form an underground fight club that evolves into much more.,David Fincher,"['Chuck Palahniuk', 'Jim Uhls']","['Brad Pitt', 'Edward Norton', 'Meat Loaf']",1,0,0
13,Inception,2010,PG-13,2h 28m,8.8,13223,ActionAdventureSci-Fi,"A thief who steals corporate secrets through the use of dream-sharing technology is given the inverse task of planting an idea into the mind of a C.E.O., but his tragic past may doom the project and his team to disaster.",Christopher Nolan,['Christopher Nolan'],"['Leonardo DiCaprio', 'Joseph Gordon-Levitt', 'Elliot Page', 'Ken Watanabe', 'Tom Hardy', 'Dileep Rao', 'Cillian Murphy', 'Tom Berenger', 'Marion Cotillard', 'Pete Postlethwaite', 'Michael Caine', 'Lukas Haas', 'Tai-Li Lee', 'Claire Geare', 'Magnus Nolan', 'Taylor Geare', 'Johnathan Geare', 'Tohoru Masamune']",4,0,0
14,Star Wars: Episode V - The Empire Strikes Back,1980,PG,2h 4m,8.7,80043,"Action, Adventure, Fantasy","After the Rebel Alliance are overpowered by the Empire, Luke Skywalker begins his Jedi training with Yoda, while his friends are pursued across the galaxy by Darth Vader and bounty hunter Boba Fett.",Irvin Kershner,"['Leigh Brackett', 'Lawrence Kasdan', 'George Lucas']","['Mark Hamill', 'Harrison Ford', 'Carrie Fisher']",1,0,0
15,Dune: Part Two,2024,PG-13,2h 46m,8.8,31,ActionAdventureDrama,Paul Atreides unites with Chani and the Fremen while seeking revenge against the conspirators who destroyed his family.,Denis Villeneuve,"['Denis Villeneuve', 'Jon Spaihts', 'Frank Herbert']","['Timothée Chalamet', 'Zendaya', 'Rebecca Ferguson']",2,0,0
16,The Matrix,1999,R,2h 16m,8.7,10191,"['Action', 'Sci-Fi']","When a beautiful stranger leads computer hacker Neo to a forbidding underworld, he discovers the shocking truth--the life he knows is the elaborate deception of an evil cyber-intelligence.","['Lana Wachowski', 'Lilly Wachowski']","['Lilly Wachowski', 'Lana Wachowski']","['Keanu Reeves', 'Laurence Fishburne', 'Carrie-Anne Moss', 'Hugo Weaving', 'Gloria Foster', 'Joe Pantoliano', 'Marcus Chong', 'Julian Arahanga', 'Matt Doran', 'Belinda McClory', 'Anthony Ray Parker', 'Paul Goddard', 'Robert Taylor', 'David Aston', 'Marc Aden Gray', 'Ada Nicodemou', 'Deni Gordon', 'Rowan Witt']",4,0,0
17,Goodfellas,1990,R,2h 25m,8.7,1.3M,"Biography, Crime, Drama","The story of Henry Hill and his life in the mafia, covering his relationship with his wife Karen and his mob partners Jimmy Conway and Tommy DeVito.",Martin Scorsese,"['Nicholas Pileggi', 'Martin Scorsese']","['Robert De Niro', 'Ray Liotta', 'Joe Pesci']",1,0,0
18,One Flew Over the Cuckoo's Nest,1975,R,2h 13m,8.7,38767,Drama,"In the Fall of 1963, a Korean War veteran and criminal pleads insanity and is admitted to a mental institution, where he rallies up the scared patients against the tyrannical nurse.",Milos Forman,"['Lawrence Hauben', 'Bo Goldman', 'Ken Kesey']","['Jack Nicholson', 'Louise Fletcher', 'Michael Berryman']",5,0,0
19,Se7en,1995,R,2h 7m,8.6,23070,"Crime, Drama, Mystery","Two detectives, a rookie and a veteran, hunt a serial killer who uses the seven deadly sins as his motives.",David Fincher,['Andrew Kevin Walker'],"['Morgan Freeman', 'Brad Pitt', 'Kevin Spacey']",1,0,0
20,Interstellar,2014,PG-13,2h 49m,8.7,6711,"Adventure, Drama, Sci-Fi","When Earth becomes uninhabitable in the future, a farmer and ex-NASA pilot, Joseph Cooper, is tasked to pilot a spacecraft, along with a team of researchers, to find a new planet for humans.",Christopher Nolan,"['Jonathan Nolan', 'Christopher Nolan']","['Matthew McConaughey', 'Anne Hathaway', 'Jessica Chastain']",1,0,0
21,It's a Wonderful Life,1946,PG,2h 10m,8.6,"1,65855","Drama
Family
Fantasy",An angel is sent from Heaven to help a desperately frustrated businessman by showing him what life would have been like if he had never existed.,Frank Capra,"['Frances Goodrich', 'Albert Hackett', 'Frank Capra']","['James Stewart', 'Donna Reed', 'Lionel Barrymore']",5,0,0
22,Seven Samurai,1954,Not Rated,3h 27m,8.6,"1,417254","Action,Drama","Farmers from a village exploited by bandits hire a veteran samurai for protection, who gathers six other samurai to join him.",Akira Kurosawa,"['Akira Kurosawa', 'Shinobu Hashimoto', 'Hideo Oguni']","['Toshirô Mifune', 'Takashi Shimura', 'Keiko Tsushima']",2,0,0
23,The Silence of the Lambs,1991,R,1h 58m,8.6,1944,CrimeDramaThriller,"A young F.B.I. cadet must receive the help of an incarcerated and manipulative cannibal killer to help catch another serial killer, a madman who skins his victims.",Jonathan Demme,"['Thomas Harris', 'Ted Tally']","['Jodie Foster', 'Anthony Hopkins', 'Scott Glenn']",5,0,0
24,Saving Private Ryan,1998,R,2h 49m,8.6,1.5M,"Drama
War","Following the Normandy Landings, a group of U.S. soldiers go behind enemy lines to retrieve a paratrooper whose brothers have been killed in action.",Steven Spielberg,['Robert Rodat'],"['Tom Hanks', 'Matt Damon', 'Tom Sizemore']",5,0,0
26,Life Is Beautiful,1997,PG-13,1h 56m,8.6,77746,"['Comedy', 'Drama', 'Romance']","When an open-minded Jewish waiter and his son become victims of the Holocaust, he uses a perfect mixture of will, humor, and imagination to protect his son from the dangers around their camp.",Roberto Benigni,"['Vincenzo Cerami', 'Roberto Benigni']","['Roberto Benigni', 'Nicoletta Braschi', 'Giorgio Cantarini']",3,0,0
27,The Green Mile,1999,R,3h 9m,8.6,32560,CrimeDramaFantasy,"A tale set on death row, where gentle giant John Coffey possesses the mysterious power to heal people's ailments. When the lead guard, Paul Edgecombe, recognizes John's gift, he tries to help stave off the condemned man's execution.",Frank Darabont,"['Stephen King', 'Frank Darabont']","['Tom Hanks', 'Michael Clarke Duncan', 'David Morse']",4,0,0
28,Terminator 2: Judgment Day,1991,R,2h 17m,8.6,41319,"Action
Adventure
Sci-Fi","A cyborg, identical to the one who failed to kill Sarah Connor, must now protect her ten year old son John from an even more advanced and powerful cyborg.",James Cameron,"['James Cameron', 'William Wisher']","['Arnold Schwarzenegger', 'Linda Hamilton', 'Edward Furlong', 'Robert Patrick', 'Earl Boen', 'Joe Morton', 'S. Epatha Merkerson', 'Castulo Guerra', 'Danny Cooksey', 'Jenette Goldstein']",4,0,0
29,Star Wars: Episode IV - A New Hope,1977,PG,2h 1m,8.6,34315,"['Action', 'Adventure', 'Fantasy']","Luke Skywalker joins forces with a Jedi Knight, a cocky pilot, a Wookiee and two droids to save the galaxy from the Empire's world-destroying battle station, while also attempting to rescue Princess Leia from the mysterious Darth Vader.",George Lucas,['George Lucas'],"['Mark Hamill', 'Harrison Ford', 'Carrie Fisher']",0,0,0
32,The Pianist,2002,R,2h 30m,8.5,5968,"Biography, Drama, Music","During WWII, acclaimed Polish musician Wladyslaw faces various struggles as he loses contact with his family. As the situation worsens, he hides in the ruins of Warsaw in order to survive.",Roman Polanski,"['Ronald Harwood', 'Wladyslaw Szpilman']","['Adrien Brody', 'Thomas Kretschmann', 'Frank Finlay']",3,0,0
33,Parasite,2019,R,2h 12m,8.5,1791,"Drama, Thriller",Greed and class discrimination threaten the newly-formed symbiotic relationship between the wealthy Park family and the destitute Kim clan.,Bong Joon Ho,"['Bong Joon Ho', 'Han Jin-won']","['Song Kang-ho', 'Lee Sun-kyun', 'Cho Yeo-jeong', 'Choi Woo-sik', 'Park So-dam', 'Lee Jeong-eun', 'Jang Hye-jin', 'Park Myeong-hoon', 'Jung Ji-so', 'Jung Hyun-jun', 'Park Keun-rok', 'Jung Yi-seo', 'Jo Jae-myeong', 'Jung Ik-han', 'Kim Kyu-baek', 'Hwang In-kyung', 'Ahn Seong-bong', 'Kim Jin-hyung']",4,0,0
34,Psycho,1960,R,1h 49m,8.5,82314,"Horror
Mystery
Thriller","A Phoenix secretary embezzles $40,000 from her employer's client, goes on the run and checks into a remote motel run by a young man under the domination of his mother.",Alfred Hitchcock,"['Joseph Stefano', 'Robert Bloch']","['Anthony Perkins', 'Janet Leigh', 'Vera Miles']",4,0,0
35,Spider-Man: Across the Spider-Verse,2023,PG,2h 20m,8.6,16221,"['Animation', 'Action', 'Adventure']","Miles Morales catapults across the multiverse, where he encounters a team of Spider-People charged with protecting its very existence. When the heroes clash on how to handle a new threat, Miles must redefine what it means to be a hero.","['Joaquim Dos Santos', 'Kemp Powers', 'Justin K. Thompson']","['Phil Lord', 'Christopher Miller', 'Dave Callaham']","['Shameik Moore', 'Hailee Steinfeld', 'Brian Tyree Henry', 'Luna Lauren Velez', 'Jake Johnson', 'Oscar Isaac', 'Jason Schwartzman', 'Issa Rae', 'Daniel Kaluuya', 'Karan Soni', 'Shea Whigham', 'Greta Lee', 'Mahershala Ali', 'Amandla Stenberg', 'Jharrel Jerome', 'Andy Samberg', 'Jack Quaid', 'Rachel Dratch']",1,0,0
36,Gladiator,2000,R,2h 35m,8.5,1495,"Action
Adventure
Drama",A former Roman General sets out to exact vengeance against the corrupt emperor who murdered his family and sent him into slavery.,Ridley Scott,"['David Franzoni', 'John Logan', 'William Nicholson']","['Russell Crowe', 'Joaquin Phoenix', 'Connie Nielsen', 'Oliver Reed', 'Richard Harris']",5,0,0
37,The Lion King,1994,G,1h 28m,8.5,41233,"Animation
Adventure
Drama","Lion prince Simba and his father are targeted by his bitter uncle, who wants to ascend the throne himself.",Roger AllersRob Minkoff,"['Irene Mecchi', 'Jonathan Roberts', 'Linda Woolverton']","['Matthew Broderick', 'Jeremy Irons', 'James Earl Jones']",2,0,0
38,Léon: The Professional,1994,R,1h 50m,8.5,25616,"['Action', 'Crime', 'Drama']","12-year-old Mathilda is reluctantly taken in by Léon, a professional assassin, after her family is murdered. An unusual relationship forms as she becomes his protégée and learns the assassin's trade.",Luc Besson,['Luc Besson'],"['Jean Reno', 'Gary Oldman', 'Natalie Portman', 'Danny Aiello', 'Peter Appel', 'Willi One Blood', 'Don Creech', 'Keith A. Glascoe', 'Randolph Scott', 'Michael Badalucco', 'Ellen Greene', 'Elizabeth Regen', 'Carl J. Matusovich', 'Frank Senger', 'Lucius Wyatt Cherokee', 'Eric Challier', 'Luc Bernard', 'Maïwenn']",5,0,16
39,The Departed,2006,R,2h 31m,8.5,24472,"Crime
Drama
Thriller",An undercover cop and a mole in the police attempt to identify each other while infiltrating an Irish gang in South Boston.,Martin Scorsese,"['William Monahan', 'Alan Mak', 'Felix Chong']","['Leonardo DiCaprio', 'Matt Damon', 'Jack Nicholson', 'Mark Wahlberg', 'Martin Sheen', 'Ray Winstone', 'Vera Farmiga', 'Anthony Anderson', 'Alec Baldwin', 'Kevin Corrigan', 'James Badge Dale', ""David O'Hara"", 'Mark Rolston', 'Robert Wahlberg', 'Kristen Dalton', 'Thomas B. Duffy', 'J.C. MacKenzie']",4,0,0
40,American History X,1998,R,1h 59m,8.5,44421,"['Crime', 'Drama']","Living a life marked by violence, neo-Nazi Derek finally goes to prison after killing two black youths. Upon his release, Derek vows to change; he hopes to prevent his brother, Danny, who idolizes Derek, from following in his footsteps.",Tony Kaye,['David McKenna'],"['Edward Norton', 'Edward Furlong', ""Beverly D'Angelo""]",1,0,0
41,Whiplash,2014,R,1h 46m,8.5,22816,"Drama
Music",A promising young drummer enrolls at a cut-throat music conservatory where his dreams of greatness are mentored by an instructor who will stop at nothing to realize a student's potential.,Damien Chazelle,['Damien Chazelle'],"['Miles Teller', 'J.K. Simmons', 'Melissa Benoist']",3,0,0
42,The Prestige,2006,PG-13,2h 10m,8.5,21626,"Drama
Mystery
Sci-Fi","After a tragic accident, two stage magicians in 1890s London engage in a battle to create the ultimate illusion while sacrificing everything they have to outwit each other.",Christopher Nolan,"['Jonathan Nolan', 'Christopher Nolan', 'Christopher Priest']","['Christian Bale', 'Hugh Jackman', 'Scarlett Johansson']",2,0,0
43,Grave of the Fireflies,1988,Not Rated,1h 29m,8.5,"1,268","['Animation', 'Drama', 'War']",A young boy and his little sister struggle to survive in Japan during World War II.,Isao Takahata,"['Akiyuki Nosaka', 'Isao Takahata']","['Tsutomu Tatsumi', 'Ayano Shiraishi', 'Akemi Yamaguchi']",0,0,0
44,Harakiri,1962,Not Rated,2h 13m,8.6,"1,771101","Action, Drama, Mystery","When a ronin requesting seppuku at a feudal lord's palace is told of the brutal suicide of another ronin who previously visited, he reveals how their pasts are intertwined - and in doing so challenges the clan's integrity.",Masaki Kobayashi,"['Yasuhiko Takiguchi', 'Shinobu Hashimoto']","['Tatsuya Nakadai', 'Akira Ishihama', 'Shima Iwashita']",0,0,0
45,The Usual Suspects,1995,R,1h 46m,8.5,38595,"Crime, Drama, Mystery",The sole survivor of a pier shoot-out tells the story of how a notorious criminal influenced the events that began with five criminals meeting in a seemingly random police lineup.,Bryan Singer,['Christopher McQuarrie'],"['Kevin Spacey', 'Gabriel Byrne', 'Chazz Palminteri']",2,0,0
46,Casablanca,1942,PG,1h 42m,8.5,716180,"['Drama', 'Romance', 'War']",A cynical expatriate American cafe owner struggles to decide whether or not to help his former lover and her fugitive husband escape the Nazis in French Morocco.,Michael Curtiz,"['Julius J. Epstein', 'Philip G. Epstein', 'Howard Koch']","['Humphrey Bogart', 'Ingrid Bergman', 'Paul Henreid', 'Claude Rains', 'Conrad Veidt', 'Sydney Greenstreet', 'Peter Lorre', 'S.Z. Sakall', 'Madeleine Lebeau', 'Dooley Wilson']",3,0,0
47,Intouchables,2011,R,1h 52m,8.5,82894,"Comedy, Drama","After he becomes a quadriplegic from a paragliding accident, an aristocrat hires a young man from the projects to be his caregiver.","Olivier Nakache, Éric Toledano","['Olivier Nakache', 'Éric Toledano', 'Philippe Pozzo di Borgo']","['François Cluzet', 'Omar Sy', 'Anne Le Ny']",1,0,0
48,Cinema Paradiso,1988,PG,2h 54m,8.5,"1,726151",Drama Romance,A filmmaker recalls his childhood when falling in love with the pictures at the cinema of his home village and forms a deep friendship with the cinema's projectionist.,Giuseppe Tornatore,"['Giuseppe Tornatore', 'Vanna Paoli']","['Philippe Noiret', 'Enzo Cannavale', 'Antonella Attili']",1,0,0
49,Modern Times,1936,G,1h 27m,8.5,259,"['Comedy', 'Drama', 'Romance']",The Tramp struggles to live in modern industrial society with the help of a young homeless woman.,Charles Chaplin,['Charles Chaplin'],"['Charles Chaplin', 'Paulette Goddard', 'Henry Bergman']",4,0,1
50,Rear Window,1954,PG,1h 52m,8.5,"1,545107","['Mystery', 'Thriller']","A wheelchair-bound photographer spies on his neighbors from his Greenwich Village courtyard apartment window and, despite the skepticism of his fashion-model girlfriend, becomes convinced one of them has committed murder.",Alfred Hitchcock,"['John Michael Hayes', 'Cornell Woolrich']","['James Stewart', 'Grace Kelly', 'Wendell Corey']",4,0,0
51,Once Upon a Time in the West,1968,PG-13,2h 46m,8.5,937365,Western,A mysterious stranger with a harmonica joins forces with a notorious desperado to protect a beautiful widow from a ruthless assassin working for the railroad.,Sergio Leone,"['Sergio Donati', 'Sergio Leone', 'Dario Argento']","['Henry Fonda', 'Charles Bronson', 'Claudia Cardinale']",6,0,0
52,Alien,1979,R,1h 57m,8.5,17238,"['Horror', 'Sci-Fi']",The crew of a commercial spacecraft encounters a deadly lifeform after investigating a mysterious transmission of unknown origin.,Ridley Scott,"[""Dan O'Bannon"", 'Ronald Shusett']","['Sigourney Weaver', 'Tom Skerritt', 'John Hurt']",1,0,0
53,City Lights,1931,G,1h 27m,8.5,0,"['Comedy', 'Drama', 'Romance']","With the aid of a wealthy erratic tippler, a dewy-eyed tramp who has fallen in love with a sightless flower girl accumulates money to be able to help her medically.",Charles Chaplin,"['Charles Chaplin', 'Harry Carr (uncredited)', 'Harry Crocker (uncredited)']","['Charles Chaplin', 'Virginia Cherrill', 'Florence Lee']",4,0,0
54,Apocalypse Now,1979,R,2h 27m,8.4,111242,"Drama
Mystery
War",A U.S. Army officer serving in Vietnam is tasked with assassinating a renegade Special Forces Colonel who sees himself as a god.,Francis Ford Coppola,"['John Milius', 'Francis Ford Coppola', 'Michael Herr']","['Martin Sheen', 'Marlon Brando', 'Robert Duvall']",2,0,0
56,Memento,2000,R,1h 53m,8.4,35928,"Mystery, Thriller",A man with short-term memory loss attempts to track down his wife's murderer.,Christopher Nolan,"['Christopher Nolan', 'Jonathan Nolan']","['Guy Pearce', 'Carrie-Anne Moss', 'Joe Pantoliano']",2,0,0
58,WALL·E,2008,G,1h 38m,8.4,894167,"Animation, Adventure, Family","In the distant future, a small waste-collecting robot inadvertently embarks on a space journey that will ultimately decide the fate of mankind.",Andrew Stanton,"['Andrew Stanton', 'Pete Docter', 'Jim Reardon']","['Ben Burtt', 'Elissa Knight', 'Jeff Garlin']",1,0,0
59,Raiders of the Lost Ark,1981,PG,1h 55m,8.4,67970,"Action, Adventure","In 1936, archaeologist and adventurer Indiana Jones is hired by the U.S. government to find the Ark of the Covenant before the Nazis can obtain its awesome powers.",Steven Spielberg,"['Lawrence Kasdan', 'George Lucas', 'Philip Kaufman']","['Harrison Ford', 'Karen Allen', 'Paul Freeman']",4,0,0
60,The Lives of Others,2006,R,2h 17m,8.4,"1,23613",DramaMysteryThriller,"In 1984 East Berlin, an agent of the secret police conducting surveillance on a writer and his lover finds himself becoming increasingly absorbed by their lives.",Florian Henckel von Donnersmarck,['Florian Henckel von Donnersmarck'],"['Ulrich Mühe', 'Martina Gedeck', 'Sebastian Koch', 'Ulrich Tukur', 'Thomas Thieme']",1,0,0
61,Sunset Blvd.,1950,,1h 50m,8.4,"2,096",DramaFilm-Noir,A screenwriter develops a dangerous relationship with a faded film star determined to make a triumphant return.,Billy Wilder,"['Charles Brackett', 'Billy Wilder', 'D.M. Marshman Jr.']","['William Holden', 'Gloria Swanson', 'Erich von Stroheim']",3,0,0
62,Paths of Glory,1957,Approved,1h 28m,8.4,"2,990","['Drama', 'War']","After a failed attack on a German position, a general orders three soldiers, chosen at random, court-martialed for cowardice and their commanding officer must defend them.",Stanley Kubrick,"['Stanley Kubrick', 'Calder Willingham', 'Jim Thompson']","['Kirk Douglas', 'Ralph Meeker', 'Adolphe Menjou', 'George Macready', 'Wayne Morris', 'Richard Anderson', 'Joe Turkel', 'Christiane Kubrick', 'Jerry Hausner', 'Peter Capell', 'Emile Meyer', 'Bert Freed', 'Kem Dibbs', 'Timothy Carey', 'Fred Bell', 'John Stein', 'Harold Benedict', 'Leon Briggs']",1,0,0
64,Spider-Man: Into the Spider-Verse,2018,PG,1h 57m,8.4,66294,AnimationActionAdventure,Teen Miles Morales becomes the Spider-Man of his universe and must join with five spider-powered individuals from other dimensions to stop a threat for all realities.,"Bob Persichetti
Peter Ramsey
Rodney Rothman","['Phil Lord', 'Rodney Rothman']","['Shameik Moore', 'Jake Johnson', 'Hailee Steinfeld', 'Mahershala Ali', 'Brian Tyree Henry', 'Lily Tomlin', 'Luna Lauren Velez', 'Zoë Kravitz', 'John Mulaney', 'Kimiko Glenn', 'Nicolas Cage', 'Kathryn Hahn', 'Liev Schreiber', 'Chris Pine', 'Natalie Morales', 'Edwin R. Habacon']",1,0,0
65,Witness for the Prosecution,1957,Approved,1h 56m,8.4,"3,273506","Crime, Drama, Mystery",A veteran British barrister must defend his client in a murder trial that has surprise after surprise.,Billy Wilder,"['Agatha Christie', 'Billy Wilder', 'Harry Kurnitz']","['Tyrone Power', 'Marlene Dietrich', 'Charles Laughton']",6,0,0
66,The Shining,1980,R,2h 26m,8.4,40017,"Drama, Horror","A family heads to an isolated hotel for the winter where a sinister presence influences the father into violence, while his psychic son sees horrific forebodings from both past and future.",Stanley Kubrick,"['Stephen King', 'Stanley Kubrick', 'Diane Johnson']","['Jack Nicholson', 'Shelley Duvall', 'Danny Lloyd']",6,0,9
67,The Great Dictator,1940,G,2h 5m,8.4,"4,534",ComedyDramaWar,Dictator Adenoid Hynkel tries to expand his empire while a poor Jewish barber tries to avoid persecution from Hynkel's regime.,Charles Chaplin,['Charles Chaplin'],"['Charles Chaplin', 'Paulette Goddard', 'Jack Oakie']",5,0,0
68,Aliens,1986,R,2h 17m,8.4,24846,"['Action', 'Adventure', 'Sci-Fi']","Decades after surviving the Nostromo incident, Ellen Ripley is sent out to re-establish contact with a terraforming colony but finds herself battling the Alien Queen and her offspring.",James Cameron,"['James Cameron', 'David Giler', 'Walter Hill']","['Sigourney Weaver', 'Michael Biehn', 'Carrie Henn', 'Paul Reiser', 'Lance Henriksen', 'Bill Paxton', 'William Hope', 'Jenette Goldstein', 'Al Matthews', 'Mark Rolston', 'Ricco Ross', 'Colette Hiller', 'Daniel Kash', 'Cynthia Dale Scott', 'Tip Tipping', 'Trevor Steedman', 'Paul Maxwell', 'Valerie Colgan']",2,0,0
69,Inglourious Basterds,2009,R,2h 33m,8.4,19918,"Adventure, Drama, War","In Nazi-occupied France during World War II, a plan to assassinate Nazi leaders by a group of Jewish U.S. soldiers coincides with a theatre owner's vengeful plans for the same.",Quentin Tarantino,['Quentin Tarantino'],"['Brad Pitt', 'Diane Kruger', 'Eli Roth']",1,0,0
71,Dr. Strangelove or: How I Learned to Stop Worrying and Love the Bomb,1964,PG,1h 35m,8.4,94082,"Comedy
War","An unhinged American general orders a bombing attack on the Soviet Union, triggering a path to nuclear holocaust that a war room full of politicians and generals frantically tries to stop.",Stanley Kubrick,"['Stanley Kubrick', 'Terry Southern', 'Peter George']","['Peter Sellers', 'George C. Scott', 'Sterling Hayden']",4,0,0
72,American Beauty,1999,R,2h 2m,8.3,27112,Drama,A sexually frustrated suburban father has a mid-life crisis after becoming infatuated with his daughter's best friend.,Sam Mendes,['Alan Ball'],"['Kevin Spacey', 'Annette Bening', 'Thora Birch', 'Wes Bentley', 'Mena Suvari']",5,0,0
73,Oldboy,2003,R,2h,8.3,34624,"Action, Drama, Mystery","After being kidnapped and imprisoned for 15 years, Oh Dae-Su is released and must find his captor in 5 days.",Park Chan-wook,"['Garon Tsuchiya', 'Nobuaki Minegishi', 'Park Chan-wook']","['Choi Min-sik', 'Yoo Ji-tae', 'Kang Hye-jeong']",0,0,0
75,Amadeus,1984,PG,2h 40m,8.4,495217,"Biography, Drama, Music","The life, success and troubles of Wolfgang Amadeus Mozart, as told by Antonio Salieri, the contemporaneous composer who was deeply jealous of Mozart's talent and claimed to have murdered him.",Milos Forman,"['Peter Shaffer', 'Zdenek Mahler']","['F. Murray Abraham', 'Tom Hulce', 'Elizabeth Berridge']",8,0,0
76,Toy Story,1995,G,1h 21m,8.3,77236,"['Animation', 'Adventure', 'Comedy']",A cowboy doll is profoundly threatened and jealous when a new spaceman action figure supplants him as top toy in a boy's bedroom.,John Lasseter,"['John Lasseter', 'Pete Docter', 'Andrew Stanton']","['Tom Hanks', 'Tim Allen', 'Don Rickles']",3,0,0
77,Das Boot,1981,,2h 29m,8.4,"2,054158",DramaWar,A German U-boat stalks the frigid waters of the North Atlantic as its young crew experience the sheer terror and claustrophobic life of a submariner in World War II.,Wolfgang Petersen,"['Wolfgang Petersen', 'Lothar G. Buchheim']",,6,0,0
78,Avengers: Endgame,2019,PG-13,3h 1m,8.4,25315,"Action, Adventure, Drama","After the devastating events of Avengers: Infinity War (2018), the universe is in ruins. With the help of remaining allies, the Avengers assemble once more in order to reverse Thanos' actions and restore balance to the universe.","Anthony Russo, Joe Russo","['Christopher Markus', 'Stephen McFeely', 'Stan Lee']","['Robert Downey Jr.', 'Chris Evans', 'Mark Ruffalo', 'Chris Hemsworth', 'Scarlett Johansson', 'Jeremy Renner', 'Don Cheadle', 'Paul Rudd', 'Benedict Cumberbatch', 'Chadwick Boseman', 'Brie Larson', 'Tom Holland', 'Karen Gillan', 'Zoe Saldana', 'Evangeline Lilly', 'Tessa Thompson', 'Rene Russo', 'Elizabeth Olsen']",1,0,0
79,Braveheart,1995,R,2h 58m,8.3,48622,"Biography, Drama, War",Scottish warrior William Wallace leads his countrymen in a rebellion to free his homeland from the tyranny of King Edward I of England.,Mel Gibson,['Randall Wallace'],"['Mel Gibson', 'Sophie Marceau', 'Patrick McGoohan']",5,0,0
80,Joker,2019,R,2h 2m,8.4,14825,"['Crime', 'Drama', 'Thriller']","During the 1980s, a failed stand-up comedian is driven insane and turns to a life of crime and chaos in Gotham City while becoming an infamous psychopathic crime figure.",Todd Phillips,"['Todd Phillips', 'Scott Silver', 'Bob Kane']","['Joaquin Phoenix', 'Robert De Niro', 'Zazie Beetz']",2,0,0
81,Princess Mononoke,1997,PG-13,2h 14m,8.3,"1,211166","Animation, Action, Adventure","On a journey to find the cure for a Tatarigami's curse, Ashitaka finds himself in the middle of a war between the forest gods and Tatara, a mining colony. In this quest he also meets San, the Mononoke Hime.",Hayao Miyazaki,"['Hayao Miyazaki', 'Neil Gaiman']","['Yôji Matsuda', 'Yuriko Ishida', 'Yûko Tanaka', 'Billy Crudup', 'Billy Bob Thornton', 'Minnie Driver', 'John DiMaggio', 'Claire Danes', 'John DeMita', 'Jada Pinkett Smith', 'Gillian Anderson', 'Keith David', 'Corey Burton', 'Tara Strong', 'Julia Fletcher', 'Debi Derryberry', 'Alex Fernandez', 'Jack Fletcher']",0,0,0
82,Good Will Hunting,1997,R,2h 6m,8.3,1874,DramaRomance,"Will Hunting, a janitor at M.I.T., has a gift for mathematics, but needs help from a psychologist to find direction in his life.",Gus Van Sant,"['Matt Damon', 'Ben Affleck']","['Robin Williams', 'Matt Damon', 'Ben Affleck']",2,0,0
83,Your Name.,2016,,1h 46m,8.4,82046,"Animation, Drama, Fantasy","Two teenagers share a profound, magical connection upon discovering they are swapping bodies. Things manage to become even more complicated when the boy and girl decide to meet in person.",Makoto Shinkai,"['Makoto Shinkai', 'Clark Cheng']","['Ryunosuke Kamiki', 'Mone Kamishiraishi', 'Ryo Narita']",0,0,0
84,Once Upon a Time in America,1984,R,3h 49m,8.3,32230,"Crime
Drama","A former Prohibition-era Jewish gangster returns to the Lower East Side of Manhattan 35 years later, where he must once again confront the ghosts and regrets of his old life.",Sergio Leone,"['Harry Grey', 'Leonardo Benvenuti', 'Piero De Bernardi']","['Robert De Niro', 'James Woods', 'Elizabeth McGovern']",0,0,0
86,3 Idiots,2009,PG-13,2h 50m,8.4,"1,11874",ComedyDrama,"Two friends are searching for their long lost companion. They revisit their college days and recall the memories of their friend who inspired them to think differently, even as the rest of the world called them ""idiots"".",Rajkumar Hirani,"['Abhijat Joshi', 'Rajkumar Hirani', 'Vidhu Vinod Chopra']","['Aamir Khan', 'Madhavan', 'Mona Singh', 'Sharman Joshi', 'Kareena Kapoor', 'Boman Irani', 'Omi Vaidya', 'Jaaved Jaaferi', 'Parikshit Sahni', 'Olivier Lafont', 'Rahul Kumar', 'Amardeep Jha', 'Farida Dadi', 'Mukund Bhatt', 'Chaitali Bose', 'Jayant Kripalani', 'Arun Bali', 'Shoaib Ahmed']",0,0,0
87,Singin' in the Rain,1952,G,1h 43m,8.3,"1,782","Comedy, Musical, Romance",A silent film star falls for a chorus girl just as he and his delusionally jealous screen partner are trying to make the difficult transition to talking pictures in 1920s Hollywood.,"Stanley Donen, Gene Kelly","['Betty Comden', 'Adolph Green']","['Gene Kelly', ""Donald O'Connor"", 'Debbie Reynolds']",2,0,0
88,Capernaum,2018,R,2h 6m,8.4,"1,653",Drama,"While serving a five-year sentence for a violent crime, a 12-year-old boy sues his parents for neglect.",Nadine Labaki,"['Nadine Labaki', 'Jihad Hojeily', 'Michelle Keserwany']","['Zain Al Rafeea', 'Yordanos Shiferaw', 'Boluwatife Treasure Bankole']",1,0,0
89,Requiem for a Dream,2000,NC-17,1h 42m,8.3,29026,Drama,The drug-induced utopias of four Coney Island people are shattered when their addictions run deep.,Darren Aronofsky,"['Hubert Selby Jr.', 'Darren Aronofsky']","['Ellen Burstyn', 'Jared Leto', 'Jennifer Connelly']",1,0,0
90,Come and See,1985,Not Rated,2h 22m,8.4,465355,"Drama
Thriller
War","After finding an old rifle, a young boy joins the Soviet resistance movement against ruthless German forces and experiences the horrors of World War II.",Elem Klimov,"['Ales Adamovich', 'Elem Klimov']","['Aleksey Kravchenko', 'Olga Mironova', 'Liubomiras Laucevicius']",0,0,0
91,Oppenheimer,2023,R,3h,8.3,121,"Biography, Drama, History",The story of American scientist J. Robert Oppenheimer and his role in the development of the atomic bomb.,Christopher Nolan,"['Christopher Nolan', 'Kai Bird', 'Martin Sherwin']","['Cillian Murphy', 'Emily Blunt', 'Matt Damon', 'Robert Downey Jr.', 'Florence Pugh']",7,0,0
92,Toy Story 3,2010,G,1h 43m,8.3,"1,370171",AnimationAdventureComedy,"The toys are mistakenly delivered to a day-care center instead of the attic right before Andy leaves for college, and it's up to Woody to convince the other toys that they weren't abandoned and to return home.",Lee Unkrich,"['John Lasseter', 'Andrew Stanton', 'Lee Unkrich']","['Tom Hanks', 'Tim Allen', 'Joan Cusack', 'Ned Beatty', 'Don Rickles', 'Michael Keaton', 'Wallace Shawn', 'John Ratzenberger', 'Estelle Harris', 'John Morris', 'Jodi Benson', 'Emily Ricks Hahn', 'Laurie Metcalf', 'Blake Clark', 'Teddy Newton', 'Bud Luckey', 'Bea Miller', 'Javier Fernández-Peña']",2,0,0
93,Star Wars: Episode VI - Return of the Jedi,1983,PG,2h 11m,8.3,"1,00781",ActionAdventureFantasy,"After rescuing Han Solo from Jabba the Hutt, the Rebel Alliance attempt to destroy the second Death Star, while Luke struggles to help Darth Vader back from the dark side.",Richard Marquand,"['Lawrence Kasdan', 'George Lucas']","['Mark Hamill', 'Harrison Ford', 'Carrie Fisher']",4,0,0
94,Eternal Sunshine of the Spotless Mind,2004,R,1h 48m,8.3,25172,"Drama, Romance, Sci-Fi","When their relationship turns sour, a couple undergoes a medical procedure to have each other erased from their memories forever.",Michel Gondry,"['Charlie Kaufman', 'Michel Gondry', 'Pierre Bismuth']","['Jim Carrey', 'Kate Winslet', 'Tom Wilkinson']",1,0,0
95,The Hunt,2012,R,1h 55m,8.3,68262,Drama,"A teacher lives a lonely life, all the while struggling over his son's custody. His life slowly gets better as he finds love and receives good news from his son, but his new luck is about to be brutally shattered by an innocent little lie.",Thomas Vinterberg,"['Thomas Vinterberg', 'Tobias Lindholm']","['Mads Mikkelsen', 'Thomas Bo Larsen', 'Annika Wedderkopp']",1,0,0
96,2001: A Space Odyssey,1968,G,2h 29m,8.3,43620,"['Adventure', 'Sci-Fi']","After uncovering a mysterious artifact buried beneath the Lunar surface, a spacecraft is sent to Jupiter to find its origins: a spacecraft manned by two men and the supercomputer HAL 9000.",Stanley Kubrick,"['Stanley Kubrick', 'Arthur C. Clarke']","['Keir Dullea', 'Gary Lockwood', 'William Sylvester']",1,0,0
98,Ikiru,1952,Not Rated,2h 23m,8.3,"3,920277",Drama,A bureaucrat tries to find meaning in his life after he discovers he has terminal cancer.,Akira Kurosawa,"['Akira Kurosawa', 'Shinobu Hashimoto', 'Hideo Oguni']","['Takashi Shimura', 'Nobuo Kaneko', ""Shin'ichi Himori""]",1,0,0
99,Lawrence of Arabia,1962,PG,3h 38m,8.3,935111,"['Adventure', 'Biography', 'Drama']","The story of T.E. Lawrence, the English officer who successfully united and led the diverse, often warring, Arab tribes during World War I in order to fight the Turks.",David Lean,"['Robert Bolt', 'Michael Wilson']","[""Peter O'Toole"", 'Alec Guinness', 'Anthony Quinn']",7,0,0
101,North by Northwest,1959,Approved,2h 16m,8.3,"1,534787","['Action', 'Adventure', 'Mystery']","A New York City advertising executive goes on the run after being mistaken for a government agent by a group of foreign spies, and falls for a woman whose loyalties he begins to doubt.",Alfred Hitchcock,['Ernest Lehman'],"['Cary Grant', 'Eva Marie Saint', 'James Mason']",3,0,0
103,Incendies,2010,R,2h 11m,8.3,45293,DramaMysteryWar,Twins journey to the Middle East to discover their family history and fulfill their mother's last wishes.,Denis Villeneuve,"['Denis Villeneuve', 'Wajdi Mouawad', 'Valérie Beaugrand-Champagne']","['Lubna Azabal', 'Mélissa Désormeaux-Poulin', 'Maxim Gaudette']",1,0,0
104,Vertigo,1958,PG,2h 8m,8.3,"1,613,197","['Mystery', 'Romance', 'Thriller']","A former San Francisco police detective juggles wrestling with his personal demons and becoming obsessed with the hauntingly beautiful woman he has been hired to trail, who may be deeply disturbed.",Alfred Hitchcock,"['Alec Coppel', 'Samuel A. Taylor', 'Pierre Boileau']","['James Stewart', 'Kim Novak', 'Barbara Bel Geddes']",2,0,0
105,M,1931,,1h 39m,8.3,"2,539","Crime, Mystery, Thriller","When the police in a German city are unable to catch a child-murderer, other criminals join in the manhunt.",Fritz Lang,"['Thea von Harbou', 'Fritz Lang', 'Egon Jacobsohn']","['Peter Lorre', 'Ellen Widmann', 'Inge Landgut', 'Otto Wernicke', 'Theodor Loos', 'Gustaf Gründgens', 'Friedrich Gnaß', 'Fritz Odemar', 'Paul Kemp', 'Theo Lingen']",0,0,0
106,Double Indemnity,1944,Passed,1h 47m,8.3,"1,682",CrimeDramaFilm-Noir,"A Los Angeles insurance representative lets an alluring housewife seduce him into a scheme of insurance fraud and murder that arouses the suspicion of his colleague, an insurance investigator.",Billy Wilder,"['Billy Wilder', 'Raymond Chandler', 'James M. Cain']","['Fred MacMurray', 'Barbara Stanwyck', 'Edward G. Robinson']",7,0,0
108,Amélie,2001,R,2h 2m,8.3,"1,07360",ComedyRomance,"Despite being caught in her imaginative world, Amelie, a young waitress, decides to help people find happiness. Her quest to spread joy leads her on a journey where she finds true love.",Jean-Pierre Jeunet,"['Guillaume Laurant', 'Jean-Pierre Jeunet']","['Audrey Tautou', 'Mathieu Kassovitz', 'Rufus']",5,0,0
109,Full Metal Jacket,1987,R,1h 56m,8.3,626147,"Drama,War",A pragmatic U.S. Marine observes the dehumanizing effects the Vietnam War has on his fellow recruits from their brutal boot camp training to the bloody street fighting in Hue.,Stanley Kubrick,"['Stanley Kubrick', 'Michael Herr', 'Gustav Hasford']","['Matthew Modine', 'R. Lee Ermey', ""Vincent D'Onofrio""]",1,0,0
110,Heat,1995,R,2h 50m,8.3,26345,"['Action', 'Crime', 'Drama']",A group of high-end professional thieves start to feel the heat from the LAPD when they unknowingly leave a verbal clue at their latest heist.,Michael Mann,['Michael Mann'],"['Al Pacino', 'Robert De Niro', 'Val Kilmer', 'Tom Sizemore', 'Diane Venora', 'Ashley Judd', 'Mykelti Williamson', 'Wes Studi', 'Ted Levine', 'Dennis Haysbert', 'William Fichtner', 'Natalie Portman']",15,0,0
111,A Clockwork Orange,1971,R,2h 16m,8.3,43032,"Crime, Sci-Fi","In the future, a sadistic gang leader is imprisoned and volunteers for a conduct-aversion experiment, but it doesn't go as planned.",Stanley Kubrick,"['Stanley Kubrick', 'Anthony Burgess']","['Malcolm McDowell', 'Patrick Magee', 'Michael Bates']",4,0,0
112,Up,2009,PG,1h 36m,8.3,91963,"Animation, Adventure, Comedy","78-year-old Carl Fredricksen travels to Paradise Falls in his house equipped with balloons, inadvertently taking a young stowaway.","Pete Docter, Bob Peterson","['Pete Docter', 'Bob Peterson', 'Tom McCarthy']","['Edward Asner', 'Jordan Nagai', 'John Ratzenberger', 'Christopher Plummer', 'Bob Peterson', 'Delroy Lindo', 'Jerome Ranft', 'David Kaye', 'Elie Docter', 'Jeremy Leary']",2,0,0
113,To Kill a Mockingbird,1962,Approved,2h 9m,8.3,"1,11987",CrimeDrama,"Atticus Finch, a widowed lawyer in Depression-era Alabama, defends a Black man against an undeserved rape charge, and tries to educate his young children against prejudice.",Robert Mulligan,"['Harper Lee', 'Horton Foote']","['Gregory Peck', 'John Megna', 'Frank Overton']",3,0,0
114,The Sting,1973,PG,2h 9m,8.3,"1,573160","Comedy
Crime
Drama",Two grifters team up to pull off the ultimate con.,George Roy Hill,['David S. Ward'],"['Paul Newman', 'Robert Redford', 'Robert Shaw', 'Ray Walston', 'Charles Durning']",7,0,0
115,A Separation,2011,PG-13,2h 3m,8.3,"3,563",Drama,A married couple are faced with a difficult decision - to improve the life of their child by moving to another country or to stay in Iran and look after a deteriorating parent who has Alzheimer's disease.,Asghar Farhadi,['Asghar Farhadi'],"['Payman Maadi', 'Leila Hatami', 'Sareh Bayat']",1,0,0
116,Indiana Jones and the Last Crusade,1989,PG-13,2h 7m,8.2,1111215,"Action, Adventure","In 1938, after his father goes missing while pursuing the Holy Grail, Indiana Jones finds himself up against the Nazis again to stop them from obtaining its powers.",Steven Spielberg,"['Jeffrey Boam', 'George Lucas', 'Menno Meyjes']","['Harrison Ford', 'Sean Connery', 'Alison Doody', 'Denholm Elliott', 'John Rhys-Davies', 'Julian Glover', 'River Phoenix', 'Michael Byrne', 'Kevork Malikyan', 'Robert Eddison', 'Richard Young', 'Alexei Sayle', 'Alex Hyde-White', 'Paul Maxwell', 'Isla Blair', 'Vernon Dobtcheff']",1,0,0
117,Die Hard,1988,R,2h 12m,8.2,77399,ActionThriller,A New York City police officer tries to save his estranged wife and several others taken hostage by terrorists during a Christmas party at the Nakatomi Plaza in Los Angeles.,John McTiernan,"['Roderick Thorp', 'Jeb Stuart', 'Steven E. de Souza']","['Bruce Willis', 'Alan Rickman', 'Bonnie Bedelia', 'Reginald VelJohnson', 'Paul Gleason', ""De'voreaux White"", 'Argyle', 'William Atherton', 'Hart Bochner', 'James Shigeta', 'Alexander Godunov', 'Bruno Doyon', 'Andreas Wisniewski', 'Clarence Gilyard Jr.', 'Joseph Plewa', 'Lorenzo Caccialanza', 'Gérard Bonn', 'Dennis Hayden', 'Al Leong']",4,0,0
118,Metropolis,1927,Not Rated,2h 33m,8.3,"1,617112","Drama
Sci-Fi","In a futuristic city sharply divided between the working class and the city planners, the son of the city's mastermind falls in love with a working-class prophet who predicts the coming of a savior to mediate their differences.",Fritz Lang,"['Thea von Harbou', 'Fritz Lang']","['Brigitte Helm', 'Alfred Abel', 'Gustav Fröhlich']",0,0,0
119,Like Stars on Earth,2007,PG,2h 42m,8.3,"4,342583","Drama
Family","An eight-year-old boy is thought to be a lazy trouble-maker, until the new art teacher has the patience and compassion to discover the real problem behind his struggles in school.","Aamir Khan
Amole Gupte",['Amole Gupte'],"['Darsheel Safary', 'Aamir Khan', 'Tisca Chopra']",27,0,18
120,Hamilton,2020,PG-13,2h 40m,8.3,71168,"Biography, Drama, History","The real life of one of America's foremost founding fathers and first Secretary of the Treasury, Alexander Hamilton. Captured live on Broadway from the Richard Rodgers Theater with the origi...",Thomas Kail,"['Lin-Manuel Miranda', 'Ron Chernow']","['Lin-Manuel Miranda', 'Phillipa Soo', 'Leslie Odom Jr.']",0,0,0
121,Snatch,2000,R,1h 42m,8.2,17520,"Comedy, Crime","Unscrupulous boxing promoters, violent bookmakers, a Russian gangster, incompetent amateur robbers and supposedly Jewish jewelers fight to track down a priceless stolen diamond.",Guy Ritchie,['Guy Ritchie'],"['Jason Statham', 'Brad Pitt', 'Stephen Graham']",0,0,0
122,L.A. Confidential,1997,R,2h 18m,8.2,59816,CrimeDramaMystery,"As corruption grows in 1950s Los Angeles, three policemen - one strait-laced, one brutal, and one sleazy - investigate a series of murders with their own brand of justice.",Curtis Hanson,"['James Ellroy', 'Brian Helgeland', 'Curtis Hanson']","['Kevin Spacey', 'Russell Crowe', 'Guy Pearce', 'Kim Basinger', 'James Cromwell']",2,0,0
123,1917,2019,R,1h 59m,8.2,65654,"Action
Drama
War","April 6th, 1917. As an infantry battalion assembles to wage war deep in enemy territory, two soldiers are assigned to race against time and deliver a message that will stop 1,600 men from walking straight into a deadly trap.",Sam Mendes,"['Sam Mendes', 'Krysty Wilson-Cairns']","['Dean-Charles Chapman', 'George MacKay', 'Daniel Mays']",3,0,0
124,Bicycle Thieves,1948,Not Rated,1h 29m,8.3,175K,Drama,"In post-war Italy, a working-class man's bicycle is stolen, endangering his efforts to find work. He and his son set out to find it.",Vittorio De Sica,"['Cesare Zavattini', 'Luigi Bartolini', 'Oreste Biancoli']","['Lamberto Maggiorani', 'Enzo Staiola', 'Lianella Carell']",1,0,0
126,Downfall,2004,R,2h 36m,8.2,"1,004139","['Biography', 'Drama', 'History']","Traudl Junge, the final secretary for Adolf Hitler, tells of the Nazi dictator's final days in his Berlin bunker at the end of WWII.",Oliver Hirschbiegel,"['Bernd Eichinger', 'Joachim Fest', 'Traudl Junge']","['Bruno Ganz', 'Alexandra Maria Lara', 'Ulrich Matthes', 'Juliane Köhler', 'Corinna Harfouch', 'Heino Ferch', 'Christian Berkel', 'Matthias Habich', 'Thomas Kretschmann', 'Michael Mendl', 'André Hennicke', 'Ulrich Noethen', 'Birgit Minichmayr', 'Rolf Kanies', 'Justus von Dohnányi', 'Dieter Mann', 'Christian Redl', 'Götz Otto']",1,0,0
127,Dangal,2016,Not Rated,2h 41m,8.3,"3,338","Action, Biography, Drama",Former wrestler Mahavir Singh Phogat and his two wrestler daughters struggle towards glory at the Commonwealth Games in the face of societal oppression.,Nitesh Tiwari,"['Piyush Gupta', 'Shreyas Jain', 'Nikhil Mehrotra']","['Aamir Khan', 'Sakshi Tanwar', 'Fatima Sana Shaikh', 'Sanya Malhotra', 'Aparshakti Khurana', 'Zaira Wasim', 'Girish Kulkarni']",0,0,0
128,For a Few Dollars More,1965,R,2h 12m,8.2,"2,115527",DramaWestern,"Two bounty hunters with the same intentions team up to track down a gang of outlaws led by a psychotic Mexican bandit, who is plotting an audacious bank robbery.",Sergio Leone,"['Sergio Leone', 'Fulvio Morsella', 'Luciano Vincenzoni']","['Clint Eastwood', 'Lee Van Cleef', 'Gian Maria Volontè']",0,0,0
129,Batman Begins,2005,PG-13,2h 20m,8.2,35122,"Action, Crime, Drama","After witnessing his parents' death, Bruce learns the art of fighting to confront injustice. When he returns to Gotham as Batman, he must stop a secret society that intends to destroy the city.",Christopher Nolan,"['Bob Kane', 'David S. Goyer', 'Christopher Nolan']","['Christian Bale', 'Michael Caine', 'Ken Watanabe']",1,0,0
132,Green Book,2018,PG-13,2h 10m,8.2,2213,"Biography, Comedy, Drama",A working-class Italian-American bouncer becomes the driver for an African-American classical pianist on a tour of venues through the 1960s American South.,Peter Farrelly,"['Nick Vallelonga', 'Brian Hayes Currie', 'Peter Farrelly']","['Viggo Mortensen', 'Mahershala Ali', 'Linda Cardellini']",3,0,0
134,The Father,2020,PG-13,1h 37m,8.2,"1,003","Drama, Mystery","A man refuses all assistance from his daughter as he ages. As he tries to make sense of his changing circumstances, he begins to doubt his loved ones, his own mind and even the fabric of his reality.",Florian Zeller,"['Christopher Hampton', 'Florian Zeller']","['Anthony Hopkins', 'Olivia Colman', 'Mark Gatiss']",2,0,0
135,Judgment at Nuremberg,1961,Approved,2h 59m,8.3,"3,167","Drama, War","In 1948, an American court in occupied Germany tries four Nazis judged for war crimes.",Stanley Kramer,"['Abby Mann', 'Montgomery Clift']","['Spencer Tracy', 'Burt Lancaster', 'Richard Widmark', 'Marlene Dietrich', 'Maximilian Schell', 'Judy Garland', 'Montgomery Clift', 'William Shatner']",2,0,0
136,All About Eve,1950,,2h 18m,8.2,"3,279",Drama,A seemingly timid but secretly ruthless ingénue insinuates herself into the lives of an aging Broadway star and her circle of theater friends.,Joseph L. Mankiewicz,"['Joseph L. Mankiewicz', 'Mary Orr']","['Bette Davis', 'Anne Baxter', 'George Sanders']",6,0,0
137,The Truman Show,1998,PG,1h 43m,8.2,406103,"Comedy
Drama",An insurance salesman discovers his whole life is actually a reality TV show.,Peter Weir,['Andrew Niccol'],"['Jim Carrey', 'Ed Harris', 'Laura Linney']",3,0,0
139,Shutter Island,2010,R,2h 18m,8.2,33733,DramaMysteryThriller,"Two US marshals investigate the disappearance of a patient from a mental institution on a remote island, and uncover a shocking secret.",Martin Scorsese,"['Laeta Kalogridis', 'Dennis Lehane']","['Leonardo DiCaprio', 'Emily Mortimer', 'Mark Ruffalo', 'Ben Kingsley', 'Max von Sydow', 'Michelle Williams', 'Patricia Clarkson', 'Jackie Earle Haley', 'Ted Levine', 'John Carroll Lynch', 'Elias Koteas', 'Robin Bartlett', 'Christopher Denham', 'Nellie Sciutto', 'Joseph Sikora', 'Glen Miga', 'Curtiss Cook', 'Trey Washington', 'Raymond Anthony Thomas', 'Joseph McKenna']",0,0,0
140,There Will Be Blood,2007,R,2h 38m,8.2,5672,Drama,"A story of family, religion, hatred, oil and madness, focusing on a turn-of-the-century prospector in the early days of the business.",Paul Thomas Anderson,"['Paul Thomas Anderson', 'Upton Sinclair']","['Daniel Day-Lewis', 'Paul Dano', 'Ciarán Hinds', 'Matthew Braden Stringer', 'Jacob Stringer', 'Joseph Mussey', 'Barry Del Sherman', 'Harrison Taylor', 'Paul F. Tompkins', 'Dillon Freasier', 'Kevin Breznahan', 'Jim Meskimen', 'Erica Sullivan', 'Randall Carver', 'Coco Leigh', 'Sydney McCallister']",2,0,0
141,Casino,1995,R,2h 58m,8.2,64617,CrimeDrama,"In Las Vegas, two best friends - a casino executive and a mafia enforcer - compete for a gambling empire and a fast-living, fast-loving socialite.",Martin Scorsese,"['Nicholas Pileggi', 'Martin Scorsese']","['Robert De Niro', 'Sharon Stone', 'Joe Pesci', 'James Woods', 'Don Rickles', 'Alan King', 'Kevin Pollak', 'L.Q. Jones', 'Dick Smothers', 'SenatorFrank Vincent', 'Frank Marino', 'John Bloom', 'Don Ward', 'Pasquale Cajano', 'Remo Gaggi', 'Melissa Prophet', 'Bill Allison', 'John Nance', 'Vinny Vella', 'Artie Piscano', 'Philip Suriano', 'Erika von Tagen', 'Frankie Avalon']",1,0,0
144,The Sixth Sense,1999,PG-13,1h 47m,8.2,56283,DramaMysteryThriller,"Malcolm Crowe, a child psychologist, starts treating a young boy, Cole, who encounters dead people and convinces him to help them. In turn, Cole helps Malcolm reconcile with his estranged wife.",M. Night Shyamalan,['M. Night Shyamalan'],"['Bruce Willis', 'Haley Joel Osment', 'Toni Collette']",6,0,0
145,Pan's Labyrinth,2006,R,1h 58m,8.2,99125,"['Drama', 'Fantasy', 'War']","In the Falangist Spain of 1944, the bookish young stepdaughter of a sadistic army officer escapes into an eerie but captivating fantasy world.",Guillermo del Toro,['Guillermo del Toro'],"['Ivana Baquero', 'Ariadna Gil', 'Sergi López']",3,0,0
146,Unforgiven,1992,R,2h 10m,8.2,930139,DramaWestern,"Retired Old West gunslinger William Munny reluctantly takes on one last job, with the help of his old partner Ned Logan and a young man, The ""Schofield Kid.""",Clint Eastwood,['David Webb Peoples'],"['Clint Eastwood', 'Gene Hackman', 'Morgan Freeman', 'Richard Harris', 'Jaimz Woolvett', 'Saul Rubinek', 'Frances Fisher', 'Anna Thomson', 'David Mucci', 'Rob Campbell', 'Anthony James', 'Tara Frederick', 'Beverley Elliott', 'Liisa Repo-Martell', 'Josie Smith', 'Shane Meier', 'Aline Levasseur', 'Cherrilene Cardinal']",4,0,0
147,No Country for Old Men,2007,R,2h 2m,8.2,19827,"['Crime', 'Drama', 'Thriller']",Violence and mayhem ensue after a hunter stumbles upon the aftermath of a drug deal gone wrong and over two million dollars in cash near the Rio Grande.,"['Ethan Coen', 'Joel Coen']","['Joel Coen', 'Ethan Coen', 'Cormac McCarthy']","['Tommy Lee Jones', 'Javier Bardem', 'Josh Brolin']",4,0,0
148,A Beautiful Mind,2001,PG-13,2h 15m,8.2,67535,"Biography, Drama, Mystery","A mathematical genius, John Nash made an astonishing discovery early in his career and stood on the brink of international acclaim. But the handsome and arrogant Nash soon found himself on a harrowing journey of self-discovery.",Ron Howard,"['Akiva Goldsman', 'Sylvia Nasar']","['Russell Crowe', 'Ed Harris', 'Jennifer Connelly']",4,0,0
149,The Thing,1982,R,1h 49m,8.2,672100,"Horror, Mystery, Sci-Fi",A research team in Antarctica is hunted by a shape-shifting alien that assumes the appearance of its victims.,John Carpenter,"['Bill Lancaster', 'John W. Campbell Jr.']","['Kurt Russell', 'Wilford Brimley', 'Keith David']",0,0,0
150,The Treasure of the Sierra Madre,1948,Passed,2h 6m,8.2,132K,AdventureDramaWestern,Two down-on-their-luck Americans searching for work in 1920s Mexico convince an old prospector to help them mine for gold in the Sierra Madre Mountains.,John Huston,"['John Huston', 'B. Traven']","['Humphrey Bogart', 'Walter Huston', 'Tim Holt']",3,0,0
151,Kill Bill: Vol. 1,2003,R,1h 51m,8.2,208225,"Action, Drama, Thriller","After awakening from a four-year coma, a former assassin wreaks vengeance on the team of assassins who betrayed her.",Quentin Tarantino,"['Quentin Tarantino', 'Uma Thurman']","['Uma Thurman', 'David Carradine', 'Daryl Hannah']",0,0,0
154,The Great Escape,1963,Approved,2h 52m,8.2,981168,AdventureDramaThriller,Allied prisoners of war plan for several hundred of their number to escape from a German camp during World War II.,John Sturges,"['Paul Brickhill', 'James Clavell', 'W.R. Burnett']","['Steve McQueen', 'James Garner', 'Richard Attenborough', 'Charles Bronson', 'James Donald', 'Donald Pleasence', 'James Coburn', 'Hannes Messemer', 'David McCallum', 'Gordon Jackson', 'John Leyton', 'Angus Lennie', 'Nigel Stock', 'Robert Graf', 'Jud Taylor', 'Hans Reiser', 'Harry Riebauer', 'William Russell']",1,0,0
156,Rashomon,1950,Not Rated,1h 28m,8.2,"3,839564",CrimeDramaMystery,"The rape of a bride and the murder of her samurai husband are recalled from the perspectives of a bandit, the bride, the samurai's ghost and a woodcutter.",Akira Kurosawa,"['Ryûnosuke Akutagawa', 'Akira Kurosawa', 'Shinobu Hashimoto']","['Toshirô Mifune', 'Machiko Kyô', 'Masayuki Mori']",1,0,0
157,Prisoners,2013,R,2h 33m,8.2,19559,"['Crime', 'Drama', 'Mystery']","When Keller Dover's daughter and her friend go missing, he takes matters into his own hands as the police pursue multiple leads and the pressure mounts.",Denis Villeneuve,['Aaron Guzikowski'],"['Hugh Jackman', 'Jake Gyllenhaal', 'Viola Davis']",1,0,0
158,Howl's Moving Castle,2004,PG,1h 59m,8.2,61683,"Animation, Adventure, Family","When an unconfident young woman is cursed with an old body by a spiteful witch, her only chance of breaking the spell lies with a self-indulgent yet insecure young wizard and his companions in his legged, walking castle",Hayao Miyazaki,"['Hayao Miyazaki', 'Diana Wynne Jones']","['Chieko Baishô', 'Takuya Kimura', 'Tatsuya Gashûin', 'Akihiro Miwa', 'Ryunosuke Kamiki', 'Mitsunori Isaki', 'Yô Ôizumi', 'Akio Ôtsuka', 'Daijirô Harada', 'Haruko Katô', 'Jean Simmons', 'Christian Bale', 'Lauren Bacall', 'Blythe Danner', 'Emily Mortimer', 'Josh Hutcherson', 'Billy Crystal', 'Jena Malone']",1,0,0
159,The Elephant Man,1980,PG,2h 4m,8.2,"2,182","Biography, Drama","A Victorian surgeon rescues a heavily disfigured man who is mistreated while scraping a living as a side-show freak. Behind his monstrous façade, there is revealed a person of kindness, intelligence and sophistication.",David Lynch,"['Christopher De Vore', 'Eric Bergren', 'David Lynch']","['Anthony Hopkins', 'John Hurt', 'Anne Bancroft']",8,0,0
160,Chinatown,1974,R,2h 10m,8.1,759151,"['Drama', 'Mystery', 'Thriller']","A private detective hired to expose an adulterer in 1930s Los Angeles finds himself caught up in a web of deceit, corruption, and murder.",Roman Polanski,"['Robert Towne', 'Roman Polanski']","['Jack Nicholson', 'Faye Dunaway', 'John Huston']",1,0,0
161,Dial M for Murder,1954,PG,1h 45m,8.2,"3,890","Crime
Thriller",A former tennis star arranges the murder of his adulterous wife.,Alfred Hitchcock,['Frederick Knott'],"['Ray Milland', 'Grace Kelly', 'Robert Cummings']",1,0,0
162,Gone with the Wind,1939,G,3h 58m,8.2,703165,"Drama, Romance, War",A sheltered and manipulative Southern belle and a roguish profiteer face off in a turbulent romance as the society around them crumbles with the end of slavery and is rebuilt during the Civil War and Reconstruction periods.,"Victor Fleming, George Cukor, Sam Wood","['Margaret Mitchell', 'Sidney Howard', 'Oliver H.P. Garrett']","['Clark Gable', 'Vivien Leigh', 'Thomas Mitchell']",8,0,0
164,"Lock, Stock and Two Smoking Barrels",1998,R,1h 47m,8.1,43925,"['Action', 'Comedy', 'Crime']","Eddy persuades his three pals to pool money for a vital poker game against a powerful local mobster, Hatchet Harry. Eddy loses, after which Harry gives him a week to pay back 500,000 pounds.",Guy Ritchie,['Guy Ritchie'],"['Jason Flemyng', 'Dexter Fletcher', 'Nick Moran', 'Jason Statham', 'Steven Mackintosh', 'Nicholas Rowe', 'Nick Marcq', 'Charles Forbes', 'Vinnie Jones', 'Lenny McLean', 'Peter McNicholl', 'P.H. Moriarty', 'Frank Harper', 'Steve Sweeney', 'Huggy Leaver', 'Paul', 'Ronnie Fox', 'Mickey', 'Tony McMahon', 'John', 'Stephen Marcus']",0,0,0
166,Inside Out,2015,PG,1h 35m,8.1,638127,"Animation,Adventure,Comedy","After young Riley is uprooted from her Midwest life and moved to San Francisco, her emotions - Joy, Fear, Anger, Disgust and Sadness - conflict on how best to navigate a new city, house, and school.","Pete Docter, Ronnie Del Carmen","['Pete Docter', 'Ronnie Del Carmen', 'Meg LeFauve']","['Amy Poehler', 'Bill Hader', 'Lewis Black', 'Mindy Kaling', 'Phyllis Smith', 'Richard Kind', 'Kaitlyn Dias', 'Diane Lane', 'Kyle MacLachlan', 'Paula Poundstone', 'Bobby Moynihan', 'Paula Pell', 'Dave Goelz', 'Frank Oz', 'Josh Cooley', 'Flea', 'John Ratzenberger', 'Carlos Alazraqui']",1,99,118
169,Trainspotting,1996,R,1h 33m,8.1,59086,Drama,"Renton, deeply immersed in the Edinburgh drug scene, tries to clean up and get out despite the allure of drugs and the influence of friends.",Danny Boyle,"['Irvine Welsh', 'John Hodge']","['Ewan McGregor', 'Ewen Bremner', 'Jonny Lee Miller', 'Kevin McKidd', 'Robert Carlyle', 'Kelly Macdonald', 'Peter Mullan', 'James Cosmo', 'Eileen Nicholas', 'Susan Vidler', 'Pauline Lynch', 'Shirley Henderson', 'Stuart McQuarrie', 'Irvine Welsh', 'Dale Winton', 'Keith Allen', 'Kevin Allen', 'Annie Louise Ross']",1,0,0
170,The Bridge on the River Kwai,1957,PG,2h 41m,8.1,2815,"['Adventure', 'Drama', 'War']","British POWs are forced to build a railway bridge across the river Kwai for their Japanese captors in occupied Burma, not knowing that the allied forces are planning a daring commando raid through the jungle to destroy it.",David Lean,"['Pierre Boulle', 'Carl Foreman', 'Michael Wilson']","['William Holden', 'Alec Guinness', 'Jack Hawkins', 'Sessue Hayakawa', 'James Donald', 'Geoffrey Horne', 'André Morell', 'Peter Williams', 'John Boxer', 'Percy Herbert', 'Harold Goodwin', 'Ann Sears', 'Heihachirô Ôkawa', 'Keiichirô Katsumoto']",7,0,0
172,Fargo,1996,R,1h 38m,8.1,50259,"['Crime', 'Thriller']",Minnesota car salesman Jerry Lundegaard's inept crime falls apart due to his and his henchmen's bungling and the persistent police work of the quite pregnant Marge Gunderson.,"['Joel Coen', 'Ethan Coen']","['Ethan Coen', 'Joel Coen']","['William H. Macy', 'Frances McDormand', 'Steve Buscemi', 'Peter Stormare', 'Kristin Rudrüd', 'Harve Presnell', 'Tony Denman', 'Gary Houston']",2,0,0
173,Klaus,2019,PG,1h 36m,8.2,"4,859","['Animation', 'Adventure', 'Comedy']","When Smeerensburg's new postman, Jesper, befriends toymaker Klaus, their gifts melt an age-old feud and deliver a sleigh full of holiday traditions.","['Sergio Pablos', 'Carlos Martínez López']","['Sergio Pablos', 'Jim Mahoney', 'Zach Lewis']","['Jason Schwartzman', 'J.K. Simmons', 'Rashida Jones']",1,0,0
174,Catch Me If You Can,2002,PG-13,2h 21m,8.1,407130,"Biography, Crime, Drama","Barely 17 yet, Frank is a skilled forger who has passed as a doctor, lawyer and pilot. FBI agent Carl becomes obsessed with tracking down the con man, who only revels in the pursuit.",Steven Spielberg,"['Frank Abagnale Jr.', 'Stan Redding', 'Jeff Nathanson']","['Leonardo DiCaprio', 'Tom Hanks', 'Christopher Walken']",2,0,0
175,Warrior,2011,PG-13,2h 20m,8.1,822163,"['Action', 'Drama', 'Sport']","The youngest son of an alcoholic former boxer returns home, where he's trained by his father for competition in a mixed martial arts tournament - a path that puts the fighter on a collision course with his estranged, older brother.",Gavin O'Connor,"[""Gavin O'Connor"", 'Anthony Tambakis', 'Cliff Dorfman']","['Tom Hardy', 'Nick Nolte', 'Joel Edgerton', 'Jennifer Morrison', 'Frank Grillo', 'Kevin Dunn', 'Maximiliano Hernández', 'Bryan Callen', 'Sam Sheridan', 'Fernando Chien', 'Jake McLaughlin', 'Mark Bradford', 'Vanessa Martinez', 'Pilar Fernandez', 'Denzel Whitaker', 'Carlos Miranda', 'Nick Lehane', 'Laura Chinn', 'Capri Thomas', 'Lexi Cowan']",1,0,0
176,Godzilla Minus One,2023,PG-13,2h 4m,8.3,528,"Action, Adventure, Drama","Post war Japan is at its lowest point when a new crisis emerges in the form of a giant monster, baptized in the horrific power of the atomic bomb.",Takashi Yamazaki,"['Ishirô Honda', 'Takeo Murata', 'Takashi Yamazaki']","['Minami Hamabe', 'Sakura Andô', 'Ryunosuke Kamiki']",1,0,0
177,Gran Torino,2008,R,1h 56m,8.1,"1,568203",Drama,"After a Hmong teenager tries to steal his prized 1972 Gran Torino, a disgruntled, prejudiced Korean War veteran seeks to redeem both the boy and himself.",Clint Eastwood,"['Nick Schenk', 'Dave Johannson']","['Clint Eastwood', 'Bee Vang', 'Christopher Carley']",0,0,0
178,My Neighbor Totoro,1988,G,1h 26m,8.1,"1,724","['Animation', 'Comedy', 'Family']","When two girls move to the country to be near their ailing mother, they have adventures with the wondrous forest spirits who live nearby.",Hayao Miyazaki,['Hayao Miyazaki'],"['Hitoshi Takagi', 'Noriko Hidaka', 'Chika Sakamoto']",0,0,0
179,Million Dollar Baby,2004,PG-13,2h 12m,8.1,"1,457226","Drama, Sport","Frankie, an ill-tempered old coach, reluctantly agrees to train aspiring boxer Maggie. Impressed with her determination and talent, he helps her become the best and the two soon form a close bond.",Clint Eastwood,"['Paul Haggis', 'F.X. Toole']","['Hilary Swank', 'Clint Eastwood', 'Morgan Freeman']",4,0,0
180,Harry Potter and the Deathly Hallows: Part 2,2011,PG-13,2h 10m,8.1,37253,"Adventure
Family
Fantasy","Harry, Ron, and Hermione search for Voldemort's remaining Horcruxes in their effort to destroy the Dark Lord as the final battle rages on at Hogwarts.",David Yates,"['Steve Kloves', 'J.K. Rowling']","['Daniel Radcliffe', 'Emma Watson', 'Rupert Grint', 'Michael Gambon', 'Ralph Fiennes', 'Alan Rickman', 'Evanna Lynch', 'Domhnall Gleeson', 'Clémence Poésy', 'Warwick Davis', 'John Hurt', 'Helena Bonham Carter', 'Graham Duff', 'Anthony Allgood', 'Rusty Goffe', 'Jon Key', 'Kelly Macdonald', 'Jason Isaacs']",3,0,0
181,Children of Heaven,1997,PG,1h 29m,8.2,81K,"Drama, Family, Sport","After a boy loses his sister's pair of shoes, he goes on a series of adventures in order to find them. When he can't, he tries a new way to ""win"" a new pair.",Majid Majidi,['Majid Majidi'],"['Mohammad Amir Naji', 'Amir Farrokh Hashemian', 'Bahare Seddiqi']",1,0,0
182,12 Years a Slave,2013,R,2h 14m,8.1,"1,1614","Biography, Drama, History","In the antebellum United States, Solomon Northup, a free Black man from upstate New York, is abducted and sold into slavery.",Steve McQueen,"['John Ridley', 'Solomon Northup']","['Chiwetel Ejiofor', 'Michael Kenneth Williams', 'Michael Fassbender']",3,0,0
183,Blade Runner,1982,R,1h 57m,8.1,32426,"['Action', 'Drama', 'Sci-Fi']",A blade runner must pursue and terminate four replicants who stole a ship in space and have returned to Earth to find their creator.,Ridley Scott,"['Hampton Fancher', 'David Webb Peoples', 'Philip K. Dick']","['Harrison Ford', 'Rutger Hauer', 'Sean Young']",2,0,0
184,Before Sunrise,1995,R,1h 41m,8.1,"1,23155","Drama
Romance","A young man and woman meet on a train in Europe, and wind up spending one evening together in Vienna. Unfortunately, both know that this will probably be their only night together.",Richard Linklater,"['Richard Linklater', 'Kim Krizan']","['Ethan Hawke', 'Julie Delpy', 'Andrea Eckert']",1,0,7
185,Ben-Hur,1959,G,3h 32m,8.1,163301,"Adventure, Drama","After a Jewish prince is betrayed and sent into slavery by a Roman friend in 1st-century Jerusalem, he regains his freedom and comes back for revenge.",William Wyler,"['Lew Wallace', 'Karl Tunberg', 'Gore Vidal']","['Charlton Heston', 'Jack Hawkins', 'Stephen Boyd', 'Haya Harareet', 'Hugh Griffith', 'Martha Scott', ""Cathy O'Donnell"", 'Sam Jaffe', 'Finlay Currie', 'Frank Thring', 'Terence Longdon', 'George Relph', 'André Morell']",11,0,0
186,The Grand Budapest Hotel,2014,R,1h 39m,8.1,43538,Adventure | Comedy | Crime,"A writer encounters the owner of an aging high-class hotel, who tells him of his early years serving as a lobby boy in the hotel's glorious years under an exceptional concierge.",Wes Anderson,"['Wes Anderson', 'Hugo Guinness', 'Stefan Zweig']","['Ralph Fiennes', 'F. Murray Abraham', 'Mathieu Amalric', 'Adrien Brody']",4,0,0
187,Barry Lyndon,1975,PG,3h 5m,8.1,"1,791108","Adventure, Drama, War",An Irish rogue wins the heart of a rich widow and assumes her dead husband's aristocratic position in 18th-century England.,Stanley Kubrick,"['Stanley Kubrick', 'William Makepeace Thackeray']","[""Ryan O'Neal"", 'Marisa Berenson', 'Patrick Magee']",4,0,0
189,Hacksaw Ridge,2016,R,2h 19m,8.1,52821,"['Biography', 'Drama', 'History', 'World War II']","World War II American Army Medic Desmond T. Doss, serving during the Battle of Okinawa, refuses to kill people and becomes the first man in American history to receive the Medal of Honor without firing a shot.",Mel Gibson,"['Robert Schenkkan', 'Andrew Knight']","['Andrew Garfield', 'Sam Worthington', 'Luke Bracey']",2,0,0
190,The Gold Rush,1925,,1h 35m,8.1,0,"['Adventure', 'Comedy', 'Drama']","A prospector goes to the Klondike during the 1890s gold rush in hopes of making his fortune, and is smitten with a girl he sees in a dance hall.",Charles Chaplin,['Charles Chaplin'],"['Charles Chaplin', 'Mack Swain', 'Tom Murray']",2,0,0
191,In the Name of the Father,1993,R,2h 13m,8.1,"1,323","Biography, Crime, Drama","An Irish man's coerced confession to an I.R.A. bombing he did not commit results in the imprisonment of his father as well. Meanwhile, a British lawyer fights to clear their names and free them.",Jim Sheridan,"['Gerry Conlon', 'Terry George', 'Jim Sheridan']","['Daniel Day-Lewis', 'Pete Postlethwaite', 'Alison Crosbie']",7,0,0
192,Memories of Murder,2003,Not Rated,2h 12m,8.1,88242,CrimeDramaMystery,"In a small Korean province in 1986, two detectives struggle with the case of multiple young women being found raped and murdered by an unknown culprit.",Bong Joon Ho,"['Bong Joon Ho', 'Kwang-rim Kim', 'Sung-bo Shim']","['Song Kang-ho', 'Kim Sang-kyung', 'Kim Roe-ha', 'Song Jae-ho', 'Byun Hee-Bong', 'Ko Seo-hie', 'Ryu Tae-ho', 'Jo Byeong-soon', 'Park No-shik', 'Baek Gwang-ho', 'Park Hae-il', 'Jeon Mi-seon', 'Seo Young-hwa', 'Woo Go-na', 'Kim So-hyeon', 'Ok-joo Lee', 'Oh Nam-joo', 'Choi Jong-ryol', 'Yoo Seung-mok', 'Hun-Kyung Lee', 'Shin Hyun-jong', 'Lee Jae-eung']",0,0,0
194,On the Waterfront,1954,Approved,1h 48m,8.1,"2862,744","Crime, Drama, Thriller","An ex-prize fighter turned New Jersey longshoreman struggles to stand up to his corrupt union bosses, including his older brother, as he starts to connect with the grieving sister of one of the syndicate's victims.",Elia Kazan,"['Budd Schulberg', 'Malcolm Johnson', 'Robert Siodmak']","['Marlon Brando', 'Karl Malden', 'Lee J. Cobb', 'Eva Marie Saint', 'Rod Steiger']",8,0,0
195,The General,1926,Passed,1h 18m,8.1,98K,"['Action', 'Adventure', 'Comedy']","After being rejected by the Confederate military, not realizing it was due to his crucial civilian role, an engineer must single-handedly recapture his beloved locomotive after it is seized by Union spies and return it through enemy lines.","['Clyde Bruckman', 'Buster Keaton']","['Buster Keaton', 'Clyde Bruckman', 'Al Boasberg']","['Buster Keaton', 'Marion Mack', 'Glen Cavender']",2,0,1
196,Wild Tales,2014,R,2h 2m,8.1,"2,019","['Comedy', 'Drama', 'Thriller']",Six short stories that explore the extremities of human behavior involving people in distress.,Damián Szifron,"['Julian Loyola', 'Damián Szifron', 'Germán Servidio']","['Darío Grandinetti', 'María Marull', 'Mónica Villa']",1,0,0
197,The Deer Hunter,1978,R,3h 3m,8.1,493429,"Drama, War",An in-depth examination of the ways in which the Vietnam War impacts and disrupts the lives of several friends in a small steel mill town in Pennsylvania.,Michael Cimino,"['Michael Cimino', 'Deric Washburn', 'Louis Garfinkle']","['Robert De Niro', 'Christopher Walken', 'John Cazale', 'John Savage', 'Meryl Streep', 'George Dzundza', 'Chuck Aspegren', 'Shirley Stoler', 'Rutanya Alda', 'Pierre Segui', 'Mady Kaplan', 'Amy Wright', 'Mary Ann Haenel', 'Richard Kuss', 'Joe Grifasi', 'Christopher Colombi Jr.', 'Victoria Karnafel', 'Jack Scardino']",5,0,0
199,"Monsters, Inc.",2001,G,1h 32m,8.1,93114,AnimationAdventureComedy,"In order to power the city, monsters have to scare children so that they scream. However, the children are toxic to the monsters, and after a child gets through, two monsters realize things may not be what they think.",Pete DocterDavid SilvermanLee Unkrich,"['Pete Docter', 'Jill Culton', 'Jeff Pidgeon']","['Billy Crystal', 'John Goodman', 'Mary Gibbs']",1,0,0
200,Sherlock Jr.,1924,Passed,45m,8.2,201,"['Action', 'Comedy', 'Romance']","A film projectionist longs to be a detective, and puts his meagre skills to work when he is framed by a rival for stealing his girlfriend's father's pocketwatch.",Buster Keaton,"['Jean C. Havez', 'Joseph A. Mitchell', 'Clyde Bruckman']","['Buster Keaton', 'Kathryn McGuire', 'Joe Keaton']",2,0,0
201,The Third Man,1949,Approved,1h 33m,8.1,"3,196375",Film-NoirMysteryThriller,"Pulp novelist Holly Martins travels to shadowy, postwar Vienna, only to find himself investigating the mysterious death of an old friend, Harry Lime.",Carol Reed,"['Graham Greene', 'Orson Welles', 'Alexander Korda']","['Orson Welles', 'Joseph Cotten', 'Alida Valli']",1,0,0
202,Wild Strawberries,1957,Not Rated,1h 31m,8.1,115K,DramaRomance,"After living a life marked by coldness, an aging professor is forced to confront the emptiness of his existence.",Ingmar Bergman,['Ingmar Bergman'],"['Victor Sjöström', 'Bibi Andersson', 'Ingrid Thulin']",1,0,0
203,The Wages of Fear,1953,Not Rated,2h 11m,8.2,"4661,802","Adventure, Drama, Thriller","In a decrepit South American village, four men are hired to transport an urgent nitroglycerine shipment without the equipment that would make it safe.",Henri-Georges Clouzot,"['Georges Arnaud', 'Henri-Georges Clouzot', 'Jérôme Géronimi']","['Yves Montand', 'Charles Vanel', 'Peter van Eyck', 'Folco Lulli', 'Vera Clouzot', 'William Tubbs', 'Dario Moreno', 'Jo Dest', 'Antonio Centa', 'Luis De Lima', 'Grégoire Gromoff', 'Josep Palau i Fabre', 'Seguna Darling Légitimus', 'René Baranger', 'Charles Fawcett']",0,0,0
204,Jaws,1975,PG,2h 4m,8.1,69524,"['Adventure', 'Mystery', 'Thriller']","When a killer shark unleashes chaos on a beach community off Cape Cod, it's up to a local sheriff, a marine biologist, and an old seafarer to hunt the beast down.",Steven Spielberg,"['Peter Benchley', 'Carl Gottlieb']","['Roy Scheider', 'Robert Shaw', 'Richard Dreyfuss']",3,0,0
205,How to Train Your Dragon,2010,PG,1h 38m,8.1,"1,04469","['Animation', 'Action', 'Adventure']","A hapless young Viking who aspires to hunt dragons becomes the unlikely friend of a young dragon himself, and learns there may be more to the creatures than he assumed.","['Dean DeBlois', 'Chris Sanders']","['William Davies', 'Dean DeBlois', 'Chris Sanders']","['Jay Baruchel', 'Gerard Butler', 'Christopher Mintz-Plasse', 'Craig Ferguson', 'America Ferrera', 'Jonah Hill', 'T.J. Miller', 'Kristen Wiig', 'Robin Atkin Downes', 'Philip McGrade', 'Kieron Elliott', 'Ashley Jensen', 'David Tennant']",2,0,0
206,Mary and Max,2009,Not Rated,1h 32m,8.1,187K,"['Animation', 'Comedy', 'Drama']","In 1976 Melbourne, a lonely 8-year-old girl strikes up a correspondence with an unlikely pen pal: a severely obese 44-year-old New Yorker with Asperger's syndrome.",Adam Elliot,['Adam Elliot'],"['Toni Collette', 'Philip Seymour Hoffman', 'Eric Bana']",0,0,0
207,Mr. Smith Goes to Washington,1939,Passed,2h 9m,8.1,0,ComedyDrama,"A naive youth leader is appointed to fill a vacancy in the U.S. Senate. His idealistic plans promptly collide with corruption at home and subterfuge from his hero in Washington, but he tries to forge ahead despite attacks on his character.",Frank Capra,"['Sidney Buchman', 'Lewis R. Foster', 'Myles Connolly']","['James Stewart', 'Jean Arthur', 'Claude Rains', 'Edward Arnold', 'Guy Kibbee']",1,0,0
208,Ratatouille,2007,G,1h 51m,8.1,52924,"Animation, Adventure, Comedy",A rat who can cook makes an unusual alliance with a young kitchen worker at a famous Paris restaurant.,"Brad Bird, Jan Pinkava","['Brad Bird', 'Jan Pinkava', 'Jim Capobianco']","['Brad Garrett', 'Lou Romano', 'Patton Oswalt']",1,0,0
209,Ford v Ferrari,2019,PG-13,2h 32m,8.1,13055,"['Action', 'Biography', 'Drama']",American car designer Carroll Shelby and driver Ken Miles battle corporate interference and the laws of physics to build a revolutionary race car for Ford in order to defeat Ferrari at the 24 Hours of Le Mans in 1966.,James Mangold,"['Jez Butterworth', 'John-Henry Butterworth', 'Jason Keller']","['Matt Damon', 'Christian Bale', 'Jon Bernthal']",2,0,0
211,Tokyo Story,1953,Not Rated,2h 16m,8.1,"4,889",Drama,"An old couple visit their children and grandchildren in the city, but receive little attention.",Yasujirô Ozu,"['Kôgo Noda', 'Yasujirô Ozu']","['Chishû Ryû', 'Chieko Higashiyama', 'Sô Yamamura']",0,0,0
212,Room,2015,R,1h 58m,8.1,"1,240","Drama, Thriller","A little boy is held captive in a room with his mother since his birth, so he has never known the world outside.",Lenny Abrahamson,['Emma Donoghue'],"['Brie Larson', 'Jacob Tremblay', 'Sean Bridgers']",1,0,0
213,The Seventh Seal,1957,Not Rated,1h 36m,8.1,"2,272","Drama, Fantasy","A knight returning to Sweden after the Crusades seeks answers about life, death, and the existence of God as he plays chess against the Grim Reaper during the Black Plague.",Ingmar Bergman,['Ingmar Bergman'],"['Max von Sydow', 'Gunnar Björnstrand', 'Bengt Ekerot']",9,0,2
214,Rocky,1976,PG,2h,8.1,"1,195147","Drama, Sport",A small-time Philadelphia boxer gets a supremely rare chance to fight the world heavyweight champion in a bout in which he strives to go the distance for his self-respect.,John G. Avildsen,['Sylvester Stallone'],"['Sylvester Stallone', 'Talia Shire', 'Burt Young', 'Carl Weathers', 'Burgess Meredith', 'Thayer David', 'Joe Spinell', 'Jimmy Gambina', 'Mike']",3,0,0
215,Logan,2017,R,2h 17m,8.1,46717,ActionDramaSci-Fi,"In a future where mutants are nearly extinct, an elderly and weary Logan leads a quiet life. But when Laura, a mutant child pursued by scientists, comes to him for help, he must get her to safety.",James Mangold,"['James Mangold', 'Scott Frank', 'Michael Green']","['Hugh Jackman', 'Patrick Stewart', 'Dafne Keen', 'Boyd Holbrook', 'Stephen Merchant', 'Elizabeth Rodriguez', 'Richard E. Grant', 'Eriq La Salle', 'Elise Neal', 'Quincy Fouse', 'Al Coronel', 'Frank Gallegos', 'Anthony Escobar', 'Reynaldo Gallegos', 'Krzysztof Soszynski', 'Stephen Dunlevy', 'Daniel Bernhardt', 'Ryan Sturz']",1,0,0
216,Spotlight,2015,R,2h 9m,8.1,"1,038","Biography, Crime, Drama","The true story of how the Boston Globe uncovered the massive scandal of child molestation and cover-up within the local Catholic Archdiocese, shaking the entire Catholic Church to its core.",Tom McCarthy,"['Josh Singer', 'Tom McCarthy']","['Mark Ruffalo', 'Michael Keaton', 'Rachel McAdams']",2,0,0
217,Hotel Rwanda,2004,PG-13,2h 1m,8.1,"3,362566","Biography, Drama, History","Paul Rusesabagina, a hotel manager, houses over a thousand Tutsi refugees during their struggle against the Hutu militia in Rwanda, Africa.",Terry George,"['Keir Pearson', 'Terry George']","['Don Cheadle', 'Sophie Okonedo', 'Joaquin Phoenix']",3,0,0
218,Platoon,1986,R,2h,8.1,564111,"Drama, War","A neophyte recruit in Vietnam finds himself caught in a battle of wills between two sergeants, one good and the other evil.",Oliver Stone,['Oliver Stone'],"['Charlie Sheen', 'Tom Berenger', 'Willem Dafoe']",4,0,0
219,The Terminator,1984,R,1h 47m,8.1,45519,"Action, Adventure, Sci-Fi","A human soldier is sent from 2029 to 1984 to stop an almost indestructible cyborg killing machine, sent from the same year, which has been programmed to execute a young woman whose unborn son is the key to humanity's future salvation.",James Cameron,"['James Cameron', 'Gale Anne Hurd', 'William Wisher']","['Arnold Schwarzenegger', 'Linda Hamilton', 'Michael Biehn']",0,0,0
220,The Passion of Joan of Arc,1928,Passed,1h 54m,8.1,61K,"['Biography', 'Drama', 'History']","In 1431, Jeanne d'Arc is placed on trial on charges of heresy. The ecclesiastical jurists attempt to force Jeanne to recant her claims of holy visions.",Carl Theodor Dreyer,"['Joseph Delteil', 'Carl Theodor Dreyer']","['Maria Falconetti', 'Eugene Silvain', 'André Berley']",0,0,0
221,Before Sunset,2004,R,1h 20m,8.1,"2,81167","Drama, Romance","Nine years after Jesse and Celine first met, they encounter each other again on the French leg of Jesse's book tour.",Richard Linklater,"['Richard Linklater', 'Julie Delpy', 'Ethan Hawke']","['Ethan Hawke', 'Julie Delpy', 'Vernon Dobtcheff']",1,0,0
223,The Best Years of Our Lives,1946,Approved,2h 50m,8.1,"4,268","Drama
Romance
War","Three World War II veterans, two of them traumatized or disabled, return home to the American midwest to discover that they and their families have been irreparably changed.",William Wyler,"['Robert E. Sherwood', 'MacKinlay Kantor']","['Myrna Loy', 'Dana Andrews', 'Fredric March', 'Teresa Wright', 'Virginia Mayo', ""Cathy O'Donnell"", 'Hoagy Carmichael', 'Harold Russell', 'Gladys George', 'Roman Bohnen', 'Ray Collins', 'Minna Gombell', 'Walter Baldwin', 'Steve Cochran', 'Dorothy Adams', 'Don Beddoe', 'Marlene Aames', 'Charles Halton']",7,0,0
224,Pirates of the Caribbean: The Curse of the Black Pearl,2003,PG-13,2h 23m,8.1,23549,"Action
AdventureFantasy","Blacksmith Will Turner teams up with eccentric pirate ""Captain"" Jack Sparrow to save his love, the governor's daughter, from Jack's former pirate allies, who are now undead.",Gore Verbinski,"['Ted Elliott', 'Terry Rossio', 'Stuart Beattie']","['Johnny Depp', 'Geoffrey Rush', 'Orlando Bloom', 'Keira Knightley']",5,0,0
225,The Exorcist,1973,R,2h 2m,8.1,70634,Horror,"When a young girl is possessed by a mysterious entity, her mother seeks the help of two Catholic priests to save her life.",William Friedkin,['William Peter Blatty'],"['Ellen Burstyn', 'Max von Sydow', 'Linda Blair']",2,0,0
226,Rush,2013,R,2h 3m,8.1,701178,"Action, Biography, Drama",The merciless 1970s rivalry between Formula One rivals James Hunt and Niki Lauda.,Ron Howard,['Peter Morgan'],"['Daniel Brühl', 'Chris Hemsworth', 'Olivia Wilde']",1,0,0
227,Jai Bhim,2021,,2h 44m,8.7,"3,337","Crime, Drama, Mystery","When a tribal man is arrested for a case of alleged theft, his wife turns to a human-rights lawyer to help bring justice.",T.J. Gnanavel,"['T.J. Gnanavel', 'Rajendra Sapre']","['Suriya', 'Lijo Mol Jose', 'Manikandan K.']",0,0,0
228,Network,1976,R,2h 1m,8.1,"2,06942",Drama,"A television network cynically exploits a deranged former anchor's ravings and revelations about the news media for its own profit, but finds that his message may be difficult to control.",Sidney Lumet,['Paddy Chayefsky'],"['Faye Dunaway', 'William Holden', 'Peter Finch', 'Robert Duvall', 'Wesley Addy', 'Ned Beatty']",4,0,0
229,Stand by Me,1986,R,1h 29m,8.1,419193,"Adventure, Comedy, Drama",A writer recounts a childhood journey with his friends to find the body of a missing boy.,Rob Reiner,"['Stephen King', 'Raynold Gideon', 'Bruce A. Evans']","['Wil Wheaton', 'River Phoenix', 'Corey Feldman', ""Jerry O'Connell"", 'Kiefer Sutherland', 'Casey Siemaszko', 'Gary Riley', 'Bradley Gregg', 'Jason Oliver Lipsett', 'Marshall Bell', 'Frances Lee McCain', 'Bruce Kirby', 'William Bronder', 'Scott Beach', 'Richard Dreyfuss', 'John Cusack', 'Madeleine Swift']",1,0,0
230,The Wizard of Oz,1939,G,1h 42m,8.1,378344,"['Adventure', 'Family', 'Fantasy', 'Young']","Young Dorothy Gale and her dog Toto are swept away by a tornado from their Kansas farm to the magical Land of Oz, and embark on a quest with three new friends to see the Wizard, who can return her to her home and fulfill the others' wishes.","['Victor Fleming', 'King Vidor']","['Noel Langley', 'Florence Ryerson', 'Edgar Allan Woolf']","['Judy Garland', 'Frank Morgan', 'Ray Bolger']",2,0,0
231,The Incredibles,2004,PG,1h 55m,8.0,75212,"Animation, Action, Adventure","While trying to lead a quiet suburban life, a family of undercover superheroes are forced into action to save the world.",Brad Bird,['Brad Bird'],"['Craig T. Nelson', 'Samuel L. Jackson', 'Holly Hunter']",2,0,0
232,Hachi: A Dog's Tale,2009,G,1h 33m,8.1,"1,322207","['Biography', 'Drama', 'Family']","Professor Wilson discovers a lost Akita puppy on his way home. Despite objections from his wife, Hachi endears himself to the family and grows to be Parker's loyal companion. As their bond grows deeper, a beautiful relationship unfolds.",Lasse Hallström,"['Stephen P. Lindsey', 'Kaneto Shindô']","['Richard Gere', 'Joan Allen', 'Cary-Hiroyuki Tagawa']",1,0,0
235,My Father and My Son,2005,Not Rated,1h 52m,8.2,0,"Drama
Family",The family of a left-wing journalist is torn apart after the military coup of Turkey in 1980.,Çağan Irmak,['Çağan Irmak'],"['Çetin Tekindor', 'Fikret Kuşkan', 'Hümeyra']",0,0,0
236,The Sound of Music,1965,G,2h 52m,8.1,71298,"Biography, Drama, Family",A young novice is sent by her convent in 1930s Austria to become a governess to the seven children of a widowed naval officer.,Robert Wise,"['Georg Hurdalek', 'Howard Lindsay', 'Russel Crouse']","['Julie Andrews', 'Christopher Plummer', 'Eleanor Parker']",5,0,0
237,The Battle of Algiers,1966,Not Rated,2h 1m,8.1,66K,"['Drama', 'War']","In the 1950s, fear and violence escalate as the people of Algiers fight for independence from the French government.",Gillo Pontecorvo,"['Franco Solinas', 'Gillo Pontecorvo']","['Brahim Hadjadj', 'Jean Martin', 'Yacef Saadi']",3,0,0
238,The Grapes of Wrath,1940,Passed,2h 9m,8.1,100K,Drama,"An Oklahoma family, driven off their farm by the poverty and hopelessness of the Dust Bowl, joins the westward migration to California, suffering the misfortunes of the homeless in the Great Depression.",John Ford,"['Nunnally Johnson', 'John Steinbeck']","['Henry Fonda', 'Jane Darwell', 'John Carradine']",2,0,0
239,To Be or Not to Be,1942,,1h 39m,8.1,0,"Comedy
Romance
War","During the German occupation of Poland, an acting troupe becomes embroiled in a Polish soldier's efforts to track down a German spy.",Ernst Lubitsch,"['Melchior Lengyel', 'Edwin Justus Mayer', 'Ernst Lubitsch']","['Carole Lombard', 'Jack Benny', 'Robert Stack']",1,0,0
240,Groundhog Day,1993,PG,1h 41m,8.0,"1,00865",ComedyDramaFantasy,"A narcissistic, self-centered weatherman finds himself in a time loop on Groundhog Day.",Harold Ramis,"['Danny Rubin', 'Harold Ramis']","['Bill Murray', 'Andie MacDowell', 'Chris Elliott']",1,0,0
241,Amores Perros,2000,R,2h 34m,8.1,"2,133","Drama, Thriller","An amateur dog fighter, a supermodel, and a derelict assassin, all separately struggling to find love, find their lives transformed by a devastating car wreck in Mexico City.",Alejandro G. Iñárritu,['Guillermo Arriaga'],"['Emilio Echevarría', 'Gael García Bernal', 'Goya Toledo']",1,0,0
243,Cool Hand Luke,1967,GP,2h 7m,8.1,"1,852","Crime
Drama","A laid-back Southern man is sentenced to two years in a rural prison, but refuses to conform.",Stuart Rosenberg,"['Donn Pearce', 'Frank Pierson', 'Hal Dresner']","['Paul Newman', 'George Kennedy', 'Strother Martin']",1,0,0
244,The Iron Giant,1999,PG,1h 26m,8.1,"2,231","['Animation', 'Action', 'Adventure']",A young boy befriends a giant robot from outer space that a paranoid government agent wants to destroy.,Brad Bird,"['Tim McCanlies', 'Brad Bird', 'Ted Hughes']","['Eli Marienthal', 'Harry Connick Jr.', 'Jennifer Aniston', 'Vin Diesel', 'James Gammon', 'Cloris Leachman', 'Christopher McDonald', 'John Mahoney', 'M. Emmet Walsh', 'Jack Angel', 'Bob Bergen', 'Mary Kay Bergman', 'Michael Bird', 'Devon Cole Borisoff', 'Rodger Bumpass', 'Robert Clotworthy', 'Jennifer Darling', 'Zack Eginton']",0,0,0
245,The Help,2011,PG-13,2h 26m,8.1,61495,Drama,"An aspiring author during the civil rights movement of the 1960s decides to write a book detailing the African American maids' point of view on the white families for which they work, and the hardships they go through on a daily basis.",Tate Taylor,"['Tate Taylor', 'Kathryn Stockett']","['Viola Davis', 'Emma Stone', 'Octavia Spencer']",1,0,0
246,It Happened One Night,1934,Passed,1h 45m,8.1,"4,030",ComedyRomance,"A renegade reporter trailing a young runaway heiress for a big story joins her on a bus heading from Florida to New York, and they end up stuck with each other when the bus leaves them behin...",Frank Capra,"['Robert Riskin', 'Samuel Hopkins Adams']","['Clark Gable', 'Claudette Colbert', 'Walter Connolly']",5,0,0
247,Aladdin,1992,G,1h 30m,8.0,"1,216","Animation, Adventure, Comedy",A kind-hearted street urchin and a power-hungry Grand Vizier vie for a magic lamp that has the power to make their deepest wishes come true.,"Ron Clements, John Musker","['Ron Clements', 'John Musker', 'Ted Elliott']","['Scott Weinger', 'Robin Williams', 'Linda Larkin', 'Jonathan Freeman', 'Frank Welker', 'Gilbert Gottfried', 'Douglas Seale', 'Charlie Adler', 'Jack Angel', 'Corey Burton', 'Philip L. Clarke', 'Jim Cummings', 'Jennifer Darling', 'Debi Derryberry', 'Bruce Gooch', 'Jerry Houser', 'Vera Lockwood', 'Sherry Lynn']",2,0,0
248,Dances with Wolves,1990,PG-13,3h 1m,8.0,"1,108,405","Adventure, Drama, Western","Lieutenant John Dunbar, assigned to a remote western Civil War outpost, finds himself engaging with a neighboring Sioux settlement, causing him to question his own purpose.",Kevin Costner,['Michael Blake'],"['Kevin Costner', 'Mary McDonnell', 'Graham Greene']",7,0,0
249,Drishyam,2015,Not Rated,2h 43m,8.2,94K,"Crime, Drama, Mystery","Desperate measures are taken by a man who tries to save his family from the dark side of the law, after they commit an unexpected crime.",Nishikant Kamat,"['Jeethu Joseph', 'Upendra Sidhaye']","['Ajay Devgn', 'Shriya Saran', 'Tabu']",0,0,0
